{"root":0,"uuid":"Sj0Saz83IZP2ZTQv6YyD","version":0.1,"symbols":[{"type":5,"frames":[{"objects":[{"name":null,"type":0,"depth":1,"symbol":83,"clipDepth":0,"id":133,"matrix":[1,0,0,1,3396,-6027]},{"name":null,"type":0,"depth":59,"symbol":77,"clipDepth":0,"id":134,"matrix":[1,0,0,1,-12741,4497]},{"name":null,"type":0,"depth":111,"symbol":70,"clipDepth":0,"id":135,"matrix":[1,0,0,1,-613,4823]},{"name":null,"type":0,"depth":165,"symbol":64,"clipDepth":0,"id":136,"matrix":[1,0,0,1,12508,4523]},{"name":null,"type":0,"depth":220,"symbol":56,"clipDepth":0,"id":137,"matrix":[1,0,0,1,-9492,-6740]},{"name":null,"type":0,"depth":272,"symbol":48,"clipDepth":0,"id":138,"matrix":[1,0,0,1,4031,-16342]},{"name":null,"type":0,"depth":344,"symbol":42,"clipDepth":0,"id":139,"matrix":[1,0,0,1,-9412,-17143]},{"name":null,"type":0,"depth":403,"symbol":37,"clipDepth":0,"id":140,"matrix":[1,0,0,1,3396,-27343]},{"name":null,"type":0,"depth":462,"symbol":3,"clipDepth":0,"id":141,"matrix":[1,0,0,1,-9813,-27549]}]}]},{"type":6,"id":55,"records":[{"color":-10858959,"offset":[1080,200],"fontID":27,"glyphs":[153,155,134,138,0,138,155,134,129,0,131,138,151,155,0,141,129],"fontHeight":280,"advances":[145,193,56,53,56,53,193,56,160,56,114,53,144,193,56,130,160]}],"matrix":[1,0,0,1,0,0]},{"selectable":false,"password":false,"color":-12173780,"fontName":"Choco","rect":[-40,-40,7599,1300],"type":2,"border":false,"leftMargin":0,"fontID":27,"id":54,"wordWrap":true,"leading":0,"indent":0,"multiline":true,"align":"right","rightMargin":0,"fontHeight":360,"input":false},{"selectable":false,"html":false,"password":false,"color":-3127,"fontName":"Choco","rect":[431,-40,4601,940],"text":"ךסמה םש","type":2,"border":false,"leftMargin":0,"fontID":27,"id":53,"wordWrap":true,"leading":0,"indent":0,"multiline":true,"align":"right","rightMargin":0,"fontHeight":720,"input":false},{"selectable":false,"password":false,"color":-16777216,"fontName":"Choco","rect":[-40,-40,10158,994],"type":2,"border":false,"leftMargin":0,"fontID":27,"id":52,"wordWrap":true,"leading":0,"indent":0,"multiline":true,"align":"center","rightMargin":0,"fontHeight":360,"input":false},{"selectable":false,"password":false,"color":-12173780,"fontName":"Choco","rect":[-40,-40,7600,1400],"type":2,"border":false,"leftMargin":0,"fontID":27,"id":51,"wordWrap":true,"leading":0,"indent":0,"multiline":true,"align":"right","rightMargin":0,"fontHeight":360,"input":false},{"selectable":false,"password":false,"color":-12173780,"fontName":"Choco","rect":[-40,-40,7599,1300],"type":2,"border":false,"leftMargin":0,"fontID":27,"id":50,"wordWrap":true,"leading":0,"indent":0,"multiline":true,"align":"right","rightMargin":0,"fontHeight":360,"input":false},{"type":4,"id":49,"commands":[3,5,0,1,[0.999999237060547,0,0,1.01594161987305,-2,0],false,false,8,11878,10200,7,-2,10200,7,-2,0,7,11878,0,7,11878,10200,5,6,2,16115899,1,false,2,1,2,3,8,11340,3600,7,11340,6600,7,8540,6600,7,8540,3600,7,11340,3600]},{"type":5,"className":"help06","baseClassName":null,"id":48,"frames":[{"objects":[{"name":"dontShowCB","type":0,"depth":1,"symbol":24,"clipDepth":0,"id":0,"matrix":[0.260009765625,0,0,1,8882,1020]},{"name":null,"type":0,"depth":41,"symbol":2,"clipDepth":0,"id":1,"matrix":[1.00009155273438,0,0,1,-1,0]},{"name":"P1","type":0,"depth":42,"symbol":43,"clipDepth":0,"id":2,"matrix":[0.999984741210938,0,0,1,800,2140]},{"name":"P5","type":0,"depth":43,"symbol":44,"clipDepth":0,"id":3,"matrix":[1.00007629394531,0,0,1,5888,876]},{"name":"L1","type":0,"depth":44,"symbol":36,"clipDepth":0,"id":4,"matrix":[1.00007629394531,0,0,1,4940,9060]},{"name":"L2","type":0,"depth":47,"symbol":47,"clipDepth":0,"id":5,"matrix":[1.000244140625,0,0,1,1500,3200]},{"name":"L3","type":0,"depth":50,"symbol":47,"clipDepth":0,"id":6,"matrix":[1.000244140625,0,0,1,1500,4200]},{"name":"L4","type":0,"depth":53,"symbol":47,"clipDepth":0,"id":7,"matrix":[1.000244140625,0,0,1,1500,5200]},{"name":"L5","type":0,"depth":56,"symbol":47,"clipDepth":0,"id":8,"matrix":[1.000244140625,0,0,1,1500,6200]},{"name":"L6","type":0,"depth":59,"symbol":47,"clipDepth":0,"id":9,"matrix":[1.000244140625,0,0,1,6500,3200]},{"name":"L7","type":0,"depth":62,"symbol":47,"clipDepth":0,"id":10,"matrix":[1.000244140625,0,0,1,6500,4200]},{"name":"L8","type":0,"depth":65,"symbol":47,"clipDepth":0,"id":11,"matrix":[1.000244140625,0,0,1,6500,5200]},{"name":"L9","type":0,"depth":68,"symbol":47,"clipDepth":0,"id":12,"matrix":[1.000244140625,0,0,1,6500,6200]},{"name":"L10","type":0,"depth":71,"symbol":47,"clipDepth":0,"id":13,"matrix":[1.000244140625,0,0,1,6500,7200]}]}]},{"type":5,"className":"help_fla.link2_21","baseClassName":null,"id":47,"frames":[{"objects":[{"name":null,"type":0,"depth":1,"symbol":45,"clipDepth":0,"id":0,"matrix":[1,0,0,1,0,0]},{"name":"DT","type":0,"depth":2,"symbol":46,"clipDepth":0,"id":1,"matrix":[1,0,0,1,100,100]}]}]},{"selectable":false,"html":true,"password":false,"color":-1253457,"fontName":"Arial","rect":[-40,-40,3881,470],"text":"<p align=\"center\"><font face=\"Arial\" size=\"14\" color=\"#ecdfaf\" letterSpacing=\"0.000000\" kerning=\"1\"><b>ךשמה</b></font></p>","type":2,"border":false,"leftMargin":0,"fontID":34,"id":46,"wordWrap":true,"leading":-40,"indent":0,"multiline":true,"align":"center","rightMargin":0,"fontHeight":280,"input":false},{"type":4,"id":45,"commands":[3,5,1,5918001,1,8,4000,440,4,4000,560,3880,560,7,120,560,4,0,560,0,440,7,0,120,4,0,0,120,0,7,3880,0,4,4000,0,4000,120,7,4000,440,5,6,1,16115899,1,true,2,1,2,3,8,4000,440,7,4000,120,4,4000,0,3880,0,7,120,0,4,0,0,0,120,7,0,440,4,0,560,120,560,7,3880,560,4,4000,560,4000,440]},{"selectable":false,"html":false,"password":false,"color":-3127,"fontName":"Choco","rect":[431,-40,4601,940],"text":"ךסמה םש","type":2,"border":false,"leftMargin":0,"fontID":27,"id":44,"wordWrap":true,"leading":0,"indent":0,"multiline":true,"align":"right","rightMargin":0,"fontHeight":720,"input":false},{"selectable":false,"password":false,"color":-12173780,"fontName":"Choco","rect":[-40,-40,10158,836],"type":2,"border":false,"leftMargin":0,"fontID":27,"id":43,"wordWrap":true,"leading":0,"indent":0,"multiline":true,"align":"center","rightMargin":0,"fontHeight":480,"input":false},{"type":5,"className":"help07","baseClassName":null,"id":42,"frames":[{"objects":[{"name":"dontShowCB","type":0,"depth":1,"symbol":24,"clipDepth":0,"id":0,"matrix":[0.260009765625,0,0,1,8882,1020]},{"name":null,"type":0,"depth":44,"symbol":25,"clipDepth":0,"id":1,"matrix":[1,0,0,1,0,0]},{"name":"PIC1","type":0,"depth":45,"symbol":26,"clipDepth":0,"id":2,"matrix":[0.984893798828125,0,0,1.01252746582031,8560,1960]},{"name":"PIC2","type":0,"depth":47,"symbol":26,"clipDepth":0,"id":3,"matrix":[0.984893798828125,0,0,1.01252746582031,8560,4220]},{"name":"PIC3","type":0,"depth":49,"symbol":26,"clipDepth":0,"id":4,"matrix":[0.984893798828125,0,0,1.01252746582031,8560,6480]},{"name":"P5","type":0,"depth":51,"symbol":38,"clipDepth":0,"id":5,"matrix":[1.00007629394531,0,0,1,290,876]},{"name":"P1","type":0,"depth":52,"symbol":39,"clipDepth":0,"id":6,"matrix":[1.00016784667969,0,0,0.999862670898438,800,2440]},{"name":"P2","type":0,"depth":53,"symbol":40,"clipDepth":0,"id":7,"matrix":[1.00001525878906,0,0,0.999862670898438,800,4680]},{"name":"P3","type":0,"depth":54,"symbol":41,"clipDepth":0,"id":8,"matrix":[1.00001525878906,0,0,0.999862670898438,840,6920]},{"name":"L1","type":0,"depth":55,"symbol":36,"clipDepth":0,"id":9,"matrix":[1.00007629394531,0,0,1,3500,9060]},{"name":"L2","type":0,"depth":58,"symbol":36,"clipDepth":0,"id":10,"matrix":[1.00007629394531,0,0,1,6380,9060]}]}]},{"selectable":false,"html":true,"password":false,"color":-12173780,"fontName":"choco","rect":[-40,-40,7560,1680],"text":"<p align=\"right\"></p>","type":2,"border":false,"leftMargin":0,"fontID":29,"id":41,"wordWrap":true,"leading":0,"indent":0,"multiline":true,"align":"right","rightMargin":0,"fontHeight":360,"input":false},{"selectable":false,"html":true,"password":false,"color":-12173780,"fontName":"choco","rect":[-40,-40,7602,1970],"text":"<p align=\"right\"></p><p align=\"right\"></p><p align=\"right\"></p><p align=\"right\"></p><p align=\"right\"></p>","type":2,"border":false,"leftMargin":0,"fontID":29,"id":40,"wordWrap":true,"leading":0,"indent":0,"multiline":true,"align":"right","rightMargin":0,"fontHeight":360,"input":false},{"selectable":false,"html":true,"password":false,"color":-12173780,"fontName":"choco","rect":[-40,-40,7599,1970],"text":"<p align=\"right\"></p><p align=\"right\"></p><p align=\"right\"></p><p align=\"right\"></p><p align=\"right\"></p>","type":2,"border":false,"leftMargin":0,"fontID":29,"id":39,"wordWrap":true,"leading":0,"indent":0,"multiline":true,"align":"right","rightMargin":0,"fontHeight":360,"input":false},{"selectable":false,"html":false,"password":false,"color":-3127,"fontName":"Choco","rect":[431,-40,10199,940],"text":"ךסמה םש","type":2,"border":false,"leftMargin":0,"fontID":27,"id":38,"wordWrap":true,"leading":0,"indent":0,"multiline":true,"align":"right","rightMargin":0,"fontHeight":720,"input":false},{"type":5,"className":"help08","baseClassName":null,"id":37,"frames":[{"objects":[{"name":"dontShowCB","type":0,"depth":1,"symbol":24,"clipDepth":0,"id":0,"matrix":[0.260009765625,0,0,1,8882,1020]},{"name":null,"type":0,"depth":44,"symbol":25,"clipDepth":0,"id":1,"matrix":[1,0,0,1,0,0]},{"name":"PIC1","type":0,"depth":45,"symbol":26,"clipDepth":0,"id":2,"matrix":[0.984893798828125,0,0,1.01252746582031,8560,1960]},{"name":"PIC2","type":0,"depth":47,"symbol":26,"clipDepth":0,"id":3,"matrix":[0.984893798828125,0,0,1.01252746582031,8560,4220]},{"name":"PIC3","type":0,"depth":49,"symbol":26,"clipDepth":0,"id":4,"matrix":[0.984893798828125,0,0,1.01252746582031,8560,6480]},{"name":"P5","type":0,"depth":51,"symbol":28,"clipDepth":0,"id":5,"matrix":[1.00007629394531,0,0,1,289,876]},{"name":"P1","type":0,"depth":52,"symbol":30,"clipDepth":0,"id":6,"matrix":[1.00016784667969,0,0,0.999862670898438,800,2440]},{"name":"P2","type":0,"depth":53,"symbol":31,"clipDepth":0,"id":7,"matrix":[1.00001525878906,0,0,0.999862670898438,800,4680]},{"name":"P3","type":0,"depth":54,"symbol":32,"clipDepth":0,"id":8,"matrix":[1.00001525878906,0,0,0.999862670898438,840,6920]},{"name":"L1","type":0,"depth":55,"symbol":36,"clipDepth":0,"id":9,"matrix":[1.00007629394531,0,0,1,3500,9060]},{"name":"L2","type":0,"depth":58,"symbol":36,"clipDepth":0,"id":10,"matrix":[1.00007629394531,0,0,1,6380,9060]}]}]},{"type":5,"className":"help_fla.link_15","baseClassName":null,"id":36,"frames":[{"objects":[{"name":null,"type":0,"depth":1,"symbol":33,"clipDepth":0,"id":0,"matrix":[1,0,0,1,0,0]},{"name":"DT","type":0,"depth":2,"symbol":35,"clipDepth":0,"id":1,"matrix":[1,0,0,1,40,120]}]}]},{"selectable":false,"html":true,"password":false,"color":-1253457,"fontName":"Arial","rect":[-40,-40,2000,470],"text":"<p align=\"center\"><font face=\"Arial\" size=\"14\" color=\"#ecdfaf\" letterSpacing=\"0.000000\" kerning=\"1\"><b>ךשמה</b></font></p>","type":2,"border":false,"leftMargin":0,"fontID":34,"id":35,"wordWrap":true,"leading":-40,"indent":0,"multiline":true,"align":"center","rightMargin":0,"fontHeight":280,"input":false},{"type":4,"id":33,"commands":[3,5,1,5918001,1,8,1700,440,4,1700,560,1580,560,7,420,560,4,300,560,300,440,7,300,120,4,300,0,420,0,7,1580,0,4,1700,0,1700,120,7,1700,440,5,6,1,16115899,1,true,2,1,2,3,8,1700,440,7,1700,120,4,1700,0,1580,0,7,420,0,4,300,0,300,120,7,300,440,4,300,560,420,560,7,1580,560,4,1700,560,1700,440]},{"selectable":false,"html":true,"password":false,"color":-12173780,"fontName":"choco","rect":[-40,-40,7560,1680],"text":"<p align=\"right\"></p>","type":2,"border":false,"leftMargin":0,"fontID":29,"id":32,"wordWrap":true,"leading":0,"indent":0,"multiline":true,"align":"right","rightMargin":0,"fontHeight":320,"input":false},{"selectable":false,"html":true,"password":false,"color":-12173780,"fontName":"choco","rect":[-40,-40,7602,2096],"text":"<p align=\"right\"></p><p align=\"right\"></p><p align=\"right\"></p><p align=\"right\"></p><p align=\"right\"></p><p align=\"right\"></p>","type":2,"border":false,"leftMargin":0,"fontID":29,"id":31,"wordWrap":true,"leading":0,"indent":0,"multiline":true,"align":"right","rightMargin":0,"fontHeight":320,"input":false},{"selectable":false,"html":true,"password":false,"color":-12173780,"fontName":"choco","rect":[-40,-40,7599,2096],"text":"<p align=\"right\"></p><p align=\"right\"></p><p align=\"right\"></p><p align=\"right\"></p><p align=\"right\"></p><p align=\"right\"></p>","type":2,"border":false,"leftMargin":0,"fontID":29,"id":30,"wordWrap":true,"leading":0,"indent":0,"multiline":true,"align":"right","rightMargin":0,"fontHeight":320,"input":false},{"selectable":false,"html":false,"password":false,"color":-3127,"fontName":"Choco","rect":[431,-40,10200,940],"text":"ךסמה םש","type":2,"border":false,"leftMargin":0,"fontID":27,"id":28,"wordWrap":true,"leading":0,"indent":0,"multiline":true,"align":"right","rightMargin":0,"fontHeight":720,"input":false},{"bold":false,"ascent":14340,"name":"Choco","codes":[32,33,34,35,36,37,38,39,40,41,42,43,44,45,46,47,48,49,50,51,52,53,54,55,56,57,58,59,60,61,62,63,64,65,66,67,68,69,70,71,72,73,74,75,76,77,78,79,80,81,82,83,84,85,86,87,88,89,90,91,92,93,94,95,96,97,98,99,100,101,102,103,104,105,106,107,108,109,110,111,112,113,114,115,116,117,118,119,120,121,122,123,124,125,126,710,732,1456,1457,1458,1459,1460,1461,1462,1463,1464,1465,1466,1467,1468,1469,1470,1471,1472,1473,1474,1475,1476,1477,1478,1479,1480,1481,1482,1483,1484,1485,1486,1487,1488,1489,1490,1491,1492,1493,1494,1495,1496,1497,1498,1499,1500,1501,1502,1503,1504,1505,1506,1507,1508,1509,1510,1511,1512,1513,1514,1515,1516,1517,1518,1519,1520,1521,1522,1523,1524,1525,1526,1527,1528,1529,1530,1531,1532,1533,1534,1535,8192,8193,8194,8195,8196,8197,8198,8199,8200,8201,8202,8203,8204,8205,8206,8207,8208,8209,8210,8211,8212,8213,8214,8215,8216,8217,8218,8219,8220,8221,8222,8223,8224,8225,8226,8227,8228,8229,8230,8231,8232,8233,8234,8235,8236,8237,8238,8239,8240,8241,8242,8243,8244,8245,8246,8247,8248,8249,8250,8251,8252,8253,8254,8255,8256,8257,8258,8259,8260,8261,8262,8263,8264,8265,8266,8267,8268,8269,8270,8271,8272,8273,8274,8275,8276,8277,8278,8279,8280,8281,8282,8283,8284,8285,8286,8287,8288,8289,8290,8291,8292,8293,8294,8295,8296,8297,8298,8299,8300,8301,8302,8303,8352,8353,8354,8355,8356,8357,8358,8359,8360,8361,8362,8363,8364,8365,8366,8367,8368,8369,8370,8371,8372,8373,8374,8375,8376,8377,8378,8379,8380,8381,8382,8383,8384,8385,8386,8387,8388,8389,8390,8391,8392,8393,8394,8395,8396,8397,8398,8399,8448,8449,8450,8451,8452,8453,8454,8455,8456,8457,8458,8459,8460,8461,8462,8463,8464,8465,8466,8467,8468,8469,8470,8471,8472,8473,8474,8475,8476,8477,8478,8479,8480,8481,8482,8483,8484,8485,8486,8487,8488,8489,8490,8491,8492,8493,8494,8495,8496,8497,8498,8499,8500,8501,8502,8503,8504,8505,8506,8507,8508,8509,8510,8511,8512,8513,8514,8515,8516,8517,8518,8519,8520,8521,8522,8523,8524,8525,8526,8527,8528,8529,8530,8531,8532,8533,8534,8535,8536,8537,8538,8539,8540,8541,8542,8543,8544,8545,8546,8547,8548,8549,8550,8551,8552,8553,8554,8555,8556,8557,8558,8559,8560,8561,8562,8563,8564,8565,8566,8567,8568,8569,8570,8571,8572,8573,8574,8575,8576,8577,8578,8579,64285,64286,64287,64288,64289,64290,64291,64292,64293,64294,64295,64296,64297,64298,64299,64300,64301,64302,64303,64304,64305,64306,64307,64308,64309,64310,64311,64312,64313,64314,64315,64316,64317,64318,64319,64320,64321,64322,64323,64324,64325,64326,64327,64328,64329,64330,64331,64332,64333,64334,64335],"type":3,"id":27,"italic":false,"leading":1020,"descent":7160,"glyphs":[[],null,null,null,null,null,null,null,null,null,null,null,null,null,null,null,null,null,null,null,null,null,null,null,null,null,null,null,null,null,null,null,null,null,null,null,null,null,null,null,null,null,null,null,null,null,null,null,null,null,null,null,null,null,null,null,null,null,null,null,null,null,null,null,null,null,null,null,null,null,null,null,null,null,null,null,null,null,null,null,null,null,null,null,null,null,null,null,null,null,null,null,null,null,null,null,null,null,null,null,null,null,null,null,null,null,null,null,null,null,null,null,null,null,null,null,null,null,null,null,null,null,null,null,null,null,null,null,null,[3,5,1,16777215,1,8,11220,-860,7,11220,-860,4,11240,-1350,10220,-2310,4,9090,-3360,9070,-3400,4,9010,-3540,9850,-5530,4,10320,-6660,10810,-7780,4,11060,-8500,11060,-9050,4,11060,-10260,9810,-10180,4,9250,-10120,8410,-7910,4,7430,-5390,7230,-5160,4,7210,-5140,7160,-5120,4,6800,-5120,4690,-7460,4,3520,-8780,2350,-10120,4,2270,-10180,2110,-10180,4,1780,-10180,1290,-9970,4,1020,-9360,1020,-8990,4,1020,-8740,1140,-8560,4,1940,-7350,1980,-7180,4,2370,-6670,2370,-6280,4,2370,-6080,1710,-4060,4,1040,-2050,1020,-1870,4,900,-60,1760,0,4,2020,20,2420,-180,4,2820,-390,2920,-590,4,3110,-960,3640,-3050,4,4090,-4750,4360,-4750,4,4420,-4750,4460,-4710,4,9150,-310,9170,-290,4,9460,-40,10050,0,4,11140,80,11220,-860,5],null,[3,5,1,16777215,1,8,8310,-680,7,8310,-680,4,8310,-1250,6680,-4260,4,4980,-7350,3170,-10020,4,3070,-10160,2700,-10140,4,2310,-10120,2170,-9980,4,1920,-9710,1920,-9280,4,1920,-8770,2620,-7250,4,3190,-5960,3620,-5310,4,2460,-4400,1600,-3380,4,450,-1990,450,-940,4,450,0,1700,0,4,2050,0,2970,-1390,4,3970,-2910,4670,-3190,4,5300,-2270,5960,-1370,4,6960,0,7430,0,4,8310,0,8310,-680,5],null,null,[3,5,1,16777215,1,8,3580,-5630,7,3580,-5630,4,3640,-8580,3350,-9380,4,3070,-10180,2000,-10180,7,1570,-10180,4,1160,-9340,1160,-8050,4,1160,-6680,1360,-3890,4,1620,-510,1910,0,7,2950,0,4,3380,-450,3460,-590,4,3580,-820,3580,-1270,4,3580,-1090,3580,-2700,4,3530,-4040,3580,-5630,5],null,null,null,[3,5,1,16777215,1,8,3350,-7970,7,3350,-7970,4,3350,-8500,3190,-9240,4,2980,-10180,2660,-10180,7,1760,-10180,7,1200,-9980,4,1020,-9220,1020,-7800,4,1020,-5120,1800,-4220,4,1900,-4220,2250,-4200,4,2540,-4180,2720,-4200,4,2970,-4220,3110,-4320,4,3330,-5000,3380,-6120,4,3350,-5590,3350,-7970,5],null,null,[3,5,1,16777215,1,8,9030,-8270,7,9030,-8270,4,9030,-9500,7600,-9910,4,6800,-10160,5160,-10160,4,3730,-10160,3460,-10180,4,3620,-10790,3620,-11330,4,3620,-11630,3590,-12200,4,3560,-12760,3540,-13000,4,3230,-13230,2660,-13210,4,1900,-13190,1720,-13230,4,1350,-12470,960,-11080,4,510,-9560,510,-8910,4,510,-8150,1920,-8150,4,7100,-8150,6880,-7350,4,6450,-5920,4610,-3420,4,2890,-1070,2890,-980,4,2890,-590,3230,-280,4,3580,40,3970,40,4,5140,40,7130,-3520,4,9030,-6900,9030,-8270,5],null,null,null,null,null,null,null,null,null,[3,5,1,16777215,1,8,9990,-1250,7,9990,-1250,4,9990,-2070,9110,-3360,4,8420,-4360,7580,-5160,4,8210,-6060,8850,-6940,4,9690,-8230,9690,-8830,4,9690,-9280,9280,-9730,4,8870,-10180,8420,-10180,4,8050,-10180,8010,-10120,4,7560,-9140,7100,-8150,4,6570,-6980,5980,-6270,4,5360,-6470,3560,-8360,4,1820,-10180,1740,-10180,4,510,-10180,510,-9530,4,510,-9340,690,-8930,4,880,-8520,1000,-8380,4,4570,-4860,7330,-2220,4,7450,-1830,5450,-1830,4,4480,-1830,2930,-1920,4,1370,-2010,1310,-2010,4,740,-2010,650,-1600,4,570,-1190,570,-920,4,570,-410,940,-210,4,1310,0,2210,0,4,2440,0,3700,60,4,4970,120,5830,120,4,9990,120,9990,-1250,5],null,[3,5,1,16777215,1,8,10110,-6060,7,10110,-6060,4,10110,-8110,9660,-9030,4,9250,-9870,8270,-10120,4,7650,-10260,5910,-10260,4,5420,-10260,4200,-10310,4,2980,-10360,2430,-10360,4,790,-10360,660,-10040,4,460,-9580,460,-9190,4,460,-8050,1910,-8050,4,2200,-8050,4160,-8050,4,6120,-8050,6400,-8050,4,7980,-8050,7980,-6330,4,7980,-5080,7940,-3300,4,7900,-1520,7900,-1390,4,7900,-780,8310,-390,4,8720,0,9390,0,4,9950,0,10070,-2110,4,10110,-2760,10110,-6060,5],null,[3,5,1,16777215,1,8,13590,-4870,7,13590,-4870,4,13590,-8440,10910,-9630,4,9640,-10180,7220,-10180,4,7010,-10180,6150,-10060,4,5070,-9910,4700,-9870,4,4450,-9850,4130,-9440,4,3820,-9030,3750,-8710,4,3650,-8130,3590,-7440,4,3450,-5530,3490,-4490,4,3570,-2480,2490,-2480,4,2300,-2480,1880,-2540,4,1460,-2600,1240,-2600,4,460,-2600,460,-1940,4,460,-1510,620,-1110,4,1070,0,2300,0,4,3570,0,3920,-100,4,4470,-270,4720,-940,4,4940,-1540,5210,-3330,4,5310,-5480,5270,-6630,4,5330,-7580,7480,-7580,4,7460,-7580,7730,-7580,4,7970,-7580,8200,-7580,4,11520,-7580,11520,-5840,4,11520,-5570,11490,-3720,4,11460,-1860,11460,-1600,4,11460,-1230,11760,-610,4,12050,0,12280,0,4,12980,0,13320,-2030,4,13590,-3440,13590,-4870,5]],"advances":[4100,null,null,null,null,null,null,null,null,null,null,null,null,null,null,null,null,null,null,null,null,null,null,null,null,null,null,null,null,null,null,null,null,null,null,null,null,null,null,null,null,null,null,null,null,null,null,null,null,null,null,null,null,null,null,null,null,null,null,null,null,null,null,null,null,null,null,null,null,null,null,null,null,null,null,null,null,null,null,null,null,null,null,null,null,null,null,null,null,null,null,null,null,null,null,null,null,null,null,null,null,null,null,null,null,null,null,null,null,null,null,null,null,null,null,null,null,null,null,null,null,null,null,null,null,null,null,null,null,11740,null,8320,null,null,4100,null,null,null,3880,null,null,9540,null,null,null,null,null,null,null,null,null,10500,null,10600,null,14100]},{"type":5,"className":"help01","baseClassName":null,"id":83,"frames":[{"objects":[{"name":null,"type":0,"depth":4,"symbol":25,"clipDepth":0,"id":0,"matrix":[1,0,0,1,0,0]},{"name":"PIC1","type":0,"depth":5,"symbol":26,"clipDepth":0,"id":1,"matrix":[0.984893798828125,0,0,1.01252746582031,8560,1960]},{"name":"PIC2","type":0,"depth":7,"symbol":26,"clipDepth":0,"id":2,"matrix":[0.984893798828125,0,0,1.01252746582031,8560,4220]},{"name":"PIC3","type":0,"depth":9,"symbol":26,"clipDepth":0,"id":3,"matrix":[0.984893798828125,0,0,1.01252746582031,8560,6480]},{"name":"P1","type":0,"depth":11,"symbol":78,"clipDepth":0,"id":4,"matrix":[1.00016784667969,0,0,0.999862670898438,800,2440]},{"name":"P2","type":0,"depth":12,"symbol":79,"clipDepth":0,"id":5,"matrix":[1.00001525878906,0,0,0.999862670898438,800,4680]},{"name":"P3","type":0,"depth":13,"symbol":80,"clipDepth":0,"id":6,"matrix":[1.00001525878906,0,0,0.999862670898438,840,6920]},{"name":"P5","type":0,"depth":14,"symbol":81,"clipDepth":0,"id":7,"matrix":[1.00007629394531,0,0,1,5888,876]},{"name":null,"type":0,"depth":15,"symbol":55,"clipDepth":0,"id":8,"matrix":[1.00007629394531,0,0,1,-282,1219]},{"name":"P4","type":0,"depth":16,"symbol":82,"clipDepth":0,"id":9,"matrix":[0.999969482421875,0,0,1,800,8640]},{"name":"dontShowCB","type":0,"depth":17,"symbol":24,"clipDepth":0,"id":10,"matrix":[0.260009765625,0,0,1,2660,1100]},{"name":"L1","type":0,"depth":57,"symbol":36,"clipDepth":0,"id":11,"matrix":[1.00007629394531,0,0,1,4938,9060]}]}]},{"type":5,"id":26,"frames":[{}]},{"selectable":false,"password":false,"color":-16777216,"fontName":"Choco","rect":[-40,-40,10158,994],"type":2,"border":false,"leftMargin":0,"fontID":27,"id":82,"wordWrap":true,"leading":0,"indent":0,"multiline":true,"align":"center","rightMargin":0,"fontHeight":360,"input":false},{"type":4,"id":25,"commands":[3,5,0,1,[0.999907684326172,0,0,1.01594161987305,-1,0],false,false,8,11878,10200,7,-1,10200,7,-1,0,7,11878,0,7,11878,10200,5,6,2,16115899,1,false,2,1,2,3,8,11340,1940,7,11340,4020,7,8540,4020,7,8540,1940,7,11340,1940,6,2,16115899,1,false,2,1,2,3,8,11340,4200,7,11340,6280,7,8540,6280,7,8540,4200,7,11340,4200,6,2,16115899,1,false,2,1,2,3,8,11340,6460,7,11340,8540,7,8540,8540,7,8540,6460,7,11340,6460]},{"selectable":false,"html":false,"password":false,"color":-3127,"fontName":"Choco","rect":[431,-40,4601,940],"text":"ךסמה םש","type":2,"border":false,"leftMargin":0,"fontID":27,"id":81,"wordWrap":true,"leading":0,"indent":0,"multiline":true,"align":"right","rightMargin":0,"fontHeight":720,"input":false},{"selectable":false,"html":true,"password":false,"color":-12173780,"fontName":"choco","rect":[-40,-40,7560,1680],"text":"<p align=\"right\"></p>","type":2,"border":false,"leftMargin":0,"fontID":29,"id":80,"wordWrap":true,"leading":0,"indent":0,"multiline":true,"align":"right","rightMargin":0,"fontHeight":360,"input":false},{"type":5,"className":"fl.controls.CheckBox","baseClassName":"fl.controls.LabelButton","id":24,"frames":[{"objects":[{"name":null,"type":0,"depth":1,"symbol":5,"clipDepth":0,"id":0,"matrix":[1.25,0,0,1,0,0]}]},{"objects":[{"name":null,"type":0,"depth":1,"symbol":6,"clipDepth":0,"id":3,"matrix":[1,0,0,1.00311279296875,200,200]},{"name":null,"type":0,"depth":2,"symbol":8,"clipDepth":0,"id":4,"matrix":[1,0,0,1,1507,918]},{"name":null,"type":0,"depth":6,"symbol":10,"clipDepth":0,"id":5,"matrix":[1,0,0,1,1507,2240]},{"name":null,"type":0,"depth":10,"symbol":12,"clipDepth":0,"id":6,"matrix":[1,0,0,1,1507,4824]},{"name":null,"type":0,"depth":14,"symbol":14,"clipDepth":0,"id":7,"matrix":[1,0,0,1,1507,3482]},{"name":null,"type":0,"depth":19,"symbol":17,"clipDepth":0,"id":8,"matrix":[1,0,0,1,1507,257]},{"name":null,"type":0,"depth":24,"symbol":18,"clipDepth":0,"id":9,"matrix":[1,0,0,1,1507,1579]},{"name":null,"type":0,"depth":29,"symbol":19,"clipDepth":0,"id":10,"matrix":[1,0,0,1,1507,4163]},{"name":null,"type":0,"depth":34,"symbol":21,"clipDepth":0,"id":11,"matrix":[1,0,0,1,1507,2901]},{"name":null,"type":0,"depth":39,"symbol":23,"clipDepth":0,"id":12,"matrix":[1,0,0,1,146,5354]},{"type":2,"id":0}]}]},{"selectable":false,"html":true,"password":false,"color":-12173780,"fontName":"choco","rect":[-40,-40,7602,1680],"text":"<p align=\"right\"></p>","type":2,"border":false,"leftMargin":0,"fontID":29,"id":79,"wordWrap":true,"leading":0,"indent":0,"multiline":true,"align":"right","rightMargin":0,"fontHeight":360,"input":false},{"type":5,"className":"focusRectSkin","baseClassName":null,"id":23,"scale9Grid":[98,99,1441,240],"frames":[{"objects":[{"name":null,"type":0,"depth":1,"symbol":22,"clipDepth":0,"id":0,"matrix":[1,0,0,1,0,0]}]}]},{"selectable":false,"html":true,"password":false,"color":-12173780,"fontName":"choco","rect":[-40,-40,7599,1680],"text":"<p align=\"right\"></p>","type":2,"border":false,"leftMargin":0,"fontID":29,"id":78,"wordWrap":true,"leading":0,"indent":0,"multiline":true,"align":"right","rightMargin":0,"fontHeight":360,"input":false},{"type":4,"id":22,"commands":[3,5,2,0,[30143,40447],[1,1],[0,255],[1.52587890625e-05,0.01318359375,-0.013427734375,1.52587890625e-05,821,220],0,1,0,8,1621,360,7,1621,80,4,1621,21,1563,20,7,78,20,4,20,21,21,80,7,21,360,4,20,419,78,420,7,1563,420,4,1621,419,1621,360,8,1641,80,7,1641,360,4,1641,440,1561,440,7,81,440,4,0,440,1,360,7,1,80,4,0,0,81,0,7,1561,0,4,1641,0,1641,80,5]},{"type":5,"className":"CheckBox_selectedDisabledIcon","baseClassName":null,"id":21,"frames":[{"objects":[{"name":null,"type":0,"depth":3,"symbol":20,"clipDepth":0,"id":0,"matrix":[1,0,0,1,0,0]},{"name":null,"type":0,"depth":4,"symbol":16,"clipDepth":0,"id":1,"colorTransform":[20,20,20,6,0,0,0,0],"matrix":[1,0,0,1,60,20]}]}]},{"type":5,"className":"help02","baseClassName":null,"id":77,"frames":[{"objects":[{"name":null,"type":0,"depth":2,"symbol":71,"clipDepth":0,"id":0,"matrix":[1,0,0,1,0,0]},{"name":"PIC1","type":0,"depth":3,"symbol":26,"clipDepth":0,"id":1,"matrix":[0.984893798828125,0,0,1.01252746582031,8560,5080]},{"name":"P1","type":0,"depth":5,"symbol":72,"clipDepth":0,"id":2,"matrix":[1.00007629394531,0,0,1,800,2360]},{"name":"P3","type":0,"depth":6,"symbol":73,"clipDepth":0,"id":3,"matrix":[1.00007629394531,0,0,1,799,5960]},{"name":"P4","type":0,"depth":7,"symbol":74,"clipDepth":0,"id":4,"matrix":[0.9998779296875,0,0,1,799,8346]},{"name":"P5","type":0,"depth":8,"symbol":75,"clipDepth":0,"id":5,"matrix":[1.00007629394531,0,0,1,5888,876]},{"name":"P2","type":0,"depth":9,"symbol":76,"clipDepth":0,"id":6,"matrix":[1.00007629394531,0,0,1,799,3660]},{"name":null,"type":0,"depth":10,"symbol":55,"clipDepth":0,"id":7,"matrix":[1.00007629394531,0,0,1,-282,1219]},{"name":"dontShowCB","type":0,"depth":11,"symbol":24,"clipDepth":0,"id":8,"matrix":[0.260009765625,0,0,1,2659,1100]},{"name":"L1","type":0,"depth":51,"symbol":36,"clipDepth":0,"id":9,"matrix":[1.00007629394531,0,0,1,4938,9060]}]}]},{"type":4,"id":20,"commands":[3,5,2,0,[5987678,12040892],[0.301960784313725,0.301960784313725],[0,255],[0,-0.00787353515625,0.00787353515625,0,170,129],0,1,0,8,0,280,7,0,0,7,280,0,7,280,280,7,0,280,8,260,260,7,260,20,7,20,20,7,20,260,7,260,260,5,3,5,2,0,[13421772,16777215],[0.2,0.301960784313725],[0,255],[0,-0.0083160400390625,0.0083160400390625,0,120,143],0,1,0,8,260,260,7,20,260,7,20,20,7,260,20,7,260,260,5,3,5,2,0,[15658734,16777215],[0,0.301960784313725],[0,255],[0,-0.00408935546875,0.0083160400390625,0,120,87],0,1,0,8,260,150,7,20,150,7,20,20,7,260,20,7,260,150,5]},{"selectable":false,"password":false,"color":-12173780,"fontName":"Choco","rect":[-40,-40,10160,1300],"type":2,"border":false,"leftMargin":0,"fontID":27,"id":76,"wordWrap":true,"leading":0,"indent":0,"multiline":true,"align":"right","rightMargin":0,"fontHeight":360,"input":false},{"type":5,"className":"CheckBox_selectedDownIcon","baseClassName":null,"id":19,"frames":[{"objects":[{"name":null,"type":0,"depth":3,"symbol":11,"clipDepth":0,"id":0,"matrix":[1,0,0,1,0,0]},{"name":null,"type":0,"depth":4,"symbol":16,"clipDepth":0,"id":1,"matrix":[1,0,0,1,60,20]}]}]},{"selectable":false,"html":false,"password":false,"color":-3127,"fontName":"Choco","rect":[431,-40,4601,940],"text":"ךסמה םש","type":2,"border":false,"leftMargin":0,"fontID":27,"id":75,"wordWrap":true,"leading":0,"indent":0,"multiline":true,"align":"right","rightMargin":0,"fontHeight":720,"input":false},{"type":5,"className":"CheckBox_selectedOverIcon","baseClassName":null,"id":18,"frames":[{"objects":[{"name":null,"type":0,"depth":3,"symbol":9,"clipDepth":0,"id":0,"matrix":[1,0,0,1,0,0]},{"name":null,"type":0,"depth":4,"symbol":16,"clipDepth":0,"id":1,"matrix":[1,0,0,1,60,20]}]}]},{"selectable":false,"password":false,"color":-16777216,"fontName":"Choco","rect":[-40,-40,10158,994],"type":2,"border":false,"leftMargin":0,"fontID":27,"id":74,"wordWrap":true,"leading":0,"indent":0,"multiline":true,"align":"center","rightMargin":0,"fontHeight":360,"input":false},{"type":5,"className":"CheckBox_selectedUpIcon","baseClassName":null,"id":17,"frames":[{"objects":[{"name":null,"type":0,"depth":3,"symbol":7,"clipDepth":0,"id":0,"matrix":[1,0,0,1,0,0]},{"name":null,"type":0,"depth":4,"symbol":16,"clipDepth":0,"id":1,"matrix":[1,0,0,1,60,20]}]}]},{"selectable":false,"password":false,"color":-12173780,"fontName":"Choco","rect":[-40,-40,7600,1400],"type":2,"border":false,"leftMargin":0,"fontID":27,"id":73,"wordWrap":true,"leading":0,"indent":0,"multiline":true,"align":"right","rightMargin":0,"fontHeight":360,"input":false},{"type":5,"id":16,"frames":[{"objects":[{"name":null,"type":0,"depth":1,"symbol":15,"clipDepth":0,"id":0,"matrix":[1,0,0,1,0,0]}]}]},{"selectable":false,"password":false,"color":-12173780,"fontName":"Choco","rect":[-40,-40,10160,1300],"type":2,"border":false,"leftMargin":0,"fontID":27,"id":72,"wordWrap":true,"leading":0,"indent":0,"multiline":true,"align":"right","rightMargin":0,"fontHeight":360,"input":false},{"type":4,"id":15,"commands":[3,5,1,0,1,8,0,76,7,39,73,7,70,135,7,157,0,7,200,0,7,177,28,7,90,180,7,45,180,7,0,76,5]},{"type":4,"id":71,"commands":[3,5,0,1,[0.999999237060547,0,0,1.01594161987305,-2,0],false,false,8,11878,10200,7,-2,10200,7,-2,0,7,11878,0,7,11878,10200,5,6,2,16115899,1,false,2,1,2,3,8,11340,5060,7,11340,8060,7,8540,8060,7,8540,5060,7,11340,5060]},{"type":5,"className":"CheckBox_disabledIcon","baseClassName":null,"id":14,"frames":[{"objects":[{"name":null,"type":0,"depth":4,"symbol":13,"clipDepth":0,"id":0,"matrix":[1,0,0,1,0,0]}]}]},{"type":5,"className":"help03","baseClassName":null,"id":70,"frames":[{"objects":[{"name":null,"type":0,"depth":2,"symbol":57,"clipDepth":0,"id":0,"matrix":[1,0,0,1,0,0]},{"name":"PIC1","type":0,"depth":3,"symbol":26,"clipDepth":0,"id":1,"matrix":[0.984893798828125,0,0,1.01252746582031,8560,1920]},{"name":"P1","type":0,"depth":5,"symbol":65,"clipDepth":0,"id":2,"matrix":[1.00016784667969,0,0,0.999099731445313,800,2340]},{"name":"P3","type":0,"depth":6,"symbol":66,"clipDepth":0,"id":3,"matrix":[1.00010681152344,0,0,0.999862670898438,800,5940]},{"name":"P2","type":0,"depth":7,"symbol":67,"clipDepth":0,"id":4,"matrix":[1.00016784667969,0,0,0.999099731445313,800,3840]},{"name":"P5","type":0,"depth":8,"symbol":68,"clipDepth":0,"id":5,"matrix":[1.00007629394531,0,0,1,5888,876]},{"name":"P4","type":0,"depth":9,"symbol":69,"clipDepth":0,"id":6,"matrix":[0.9998779296875,0,0,1,799,7840]},{"name":"L1","type":0,"depth":10,"symbol":36,"clipDepth":0,"id":7,"matrix":[1.00007629394531,0,0,1,4938,9060]},{"name":"dontShowCB","type":0,"depth":13,"symbol":24,"clipDepth":0,"id":8,"matrix":[0.260009765625,0,0,1,2659,1100]},{"name":null,"type":0,"depth":53,"symbol":55,"clipDepth":0,"id":9,"matrix":[1.00007629394531,0,0,1,-282,1219]}]}]},{"type":4,"id":13,"commands":[3,5,2,0,[5987678,12040892],[0.301960784313725,0.301960784313725],[0,255],[0,-0.00787353515625,0.00787353515625,0,170,129],0,1,0,8,260,20,7,20,20,7,20,260,7,260,260,7,260,20,8,0,280,7,0,0,7,280,0,7,280,280,7,0,280,5,3,5,2,0,[13421772,16777215],[0.2,0.301960784313725],[0,255],[0,-0.0083160400390625,0.0083160400390625,0,120,143],0,1,0,8,20,20,7,260,20,7,260,260,7,20,260,7,20,20,5,3,5,2,0,[13421772,16777215],[0.2,0.301960784313725],[0,255],[0,-0.0083160400390625,0.0083160400390625,0,120,143],0,1,0,8,260,20,7,260,260,7,20,260,7,20,20,7,260,20,5,3,5,2,0,[15658734,16777215],[0,0.301960784313725],[0,255],[0,-0.00408935546875,0.0083160400390625,0,120,87],0,1,0,8,260,150,7,20,150,7,20,20,7,260,20,7,260,150,5]},{"selectable":false,"password":false,"color":-16777216,"fontName":"Choco","rect":[-40,-40,10158,994],"type":2,"border":false,"leftMargin":0,"fontID":27,"id":69,"wordWrap":true,"leading":0,"indent":0,"multiline":true,"align":"center","rightMargin":0,"fontHeight":360,"input":false},{"type":5,"className":"CheckBox_downIcon","baseClassName":null,"id":12,"frames":[{"objects":[{"name":null,"type":0,"depth":3,"symbol":11,"clipDepth":0,"id":0,"matrix":[1,0,0,1,0,0]}]}]},{"selectable":false,"html":false,"password":false,"color":-3127,"fontName":"Choco","rect":[431,-40,4601,940],"text":"ךסמה םש","type":2,"border":false,"leftMargin":0,"fontID":27,"id":68,"wordWrap":true,"leading":0,"indent":0,"multiline":true,"align":"right","rightMargin":0,"fontHeight":720,"input":false},{"type":4,"id":11,"commands":[3,5,2,0,[30143,40447],[1,1],[0,253],[0,-0.0088653564453125,0.0088653564453125,0,156,129],0,1,0,8,0,0,7,280,0,7,280,280,7,0,280,7,0,0,8,20,260,7,260,260,7,260,20,7,20,20,7,20,260,5,3,5,2,0,[10082302,14283006],[1,1],[0,255],[0,-0.0083160400390625,0.0083160400390625,0,120,143],0,1,0,8,260,20,7,260,260,7,20,260,7,20,20,7,260,20,5,3,5,2,0,[15658734,16777215],[0,0.301960784313725],[0,255],[0,-0.00408935546875,0.0083160400390625,0,120,87],0,1,0,8,260,150,7,20,150,7,20,20,7,260,20,7,260,150,5]},{"selectable":false,"html":true,"password":false,"color":-12173780,"fontName":"choco","rect":[-40,-40,7599,1301],"text":"<p align=\"right\"></p>","type":2,"border":false,"leftMargin":0,"fontID":29,"id":67,"wordWrap":true,"leading":0,"indent":0,"multiline":true,"align":"right","rightMargin":0,"fontHeight":360,"input":false},{"type":5,"className":"CheckBox_overIcon","baseClassName":null,"id":10,"frames":[{"objects":[{"name":null,"type":0,"depth":3,"symbol":9,"clipDepth":0,"id":0,"matrix":[1,0,0,1,0,0]}]}]},{"selectable":false,"html":true,"password":false,"color":-12173780,"fontName":"choco","rect":[-40,-40,10161,1300],"text":"<p align=\"right\"></p>","type":2,"border":false,"leftMargin":0,"fontID":29,"id":66,"wordWrap":true,"leading":0,"indent":0,"multiline":true,"align":"right","rightMargin":0,"fontHeight":360,"input":false},{"type":4,"id":9,"commands":[3,5,2,0,[30143,40447],[1,1],[0,253],[0,-0.0088653564453125,0.0088653564453125,0,156,129],0,1,0,8,0,0,7,280,0,7,280,280,7,0,280,7,0,0,8,20,260,7,260,260,7,260,20,7,20,20,7,20,260,5,3,5,2,0,[15658734,16777215],[0.650980392156863,0.752941176470588],[0,255],[0,-0.0083160400390625,0.0083160400390625,0,120,143],0,1,0,8,20,260,7,20,20,7,260,20,7,260,260,7,20,260,5,3,5,2,0,[15658734,16777215],[0,0.301960784313725],[0,255],[0,-0.00408935546875,0.0083160400390625,0,120,87],0,1,0,8,260,150,7,20,150,7,20,20,7,260,20,7,260,150,5]},{"selectable":false,"html":true,"password":false,"color":-12173780,"fontName":"choco","rect":[-40,-40,7599,1301],"text":"<p align=\"right\"></p>","type":2,"border":false,"leftMargin":0,"fontID":29,"id":65,"wordWrap":true,"leading":0,"indent":0,"multiline":true,"align":"right","rightMargin":0,"fontHeight":360,"input":false},{"type":5,"className":"CheckBox_upIcon","baseClassName":null,"id":8,"frames":[{"objects":[{"name":null,"type":0,"depth":3,"symbol":7,"clipDepth":0,"id":0,"matrix":[1,0,0,1,0,0]}]}]},{"type":5,"className":"help04","baseClassName":null,"id":64,"frames":[{"objects":[{"name":null,"type":0,"depth":2,"symbol":57,"clipDepth":0,"id":0,"matrix":[1,0,0,1,0,0]},{"name":"PIC1","type":0,"depth":3,"symbol":26,"clipDepth":0,"id":1,"matrix":[0.984893798828125,0,0,1.01252746582031,8560,1920]},{"name":null,"type":0,"depth":5,"symbol":58,"clipDepth":0,"id":2,"matrix":[1,0,0,1,0,0]},{"name":"PIC2","type":0,"depth":6,"symbol":26,"clipDepth":0,"id":3,"matrix":[0.984893798828125,0,0,1.01252746582031,8560,5060]},{"name":"P1","type":0,"depth":8,"symbol":59,"clipDepth":0,"id":4,"matrix":[1.00016784667969,0,0,0.999862670898438,799,2264]},{"name":"P2","type":0,"depth":9,"symbol":60,"clipDepth":0,"id":5,"matrix":[1.00016784667969,0,0,0.999099731445313,799,3564]},{"name":"P5","type":0,"depth":10,"symbol":61,"clipDepth":0,"id":6,"matrix":[1.00007629394531,0,0,1,5888,876]},{"name":null,"type":0,"depth":11,"symbol":55,"clipDepth":0,"id":7,"matrix":[1.00007629394531,0,0,1,-282,1219]},{"name":"dontShowCB","type":0,"depth":12,"symbol":24,"clipDepth":0,"id":8,"matrix":[0.260009765625,0,0,1,2660,1100]},{"name":"P3","type":0,"depth":52,"symbol":62,"clipDepth":0,"id":9,"matrix":[1.00007629394531,0,0,1,799,5800]},{"name":"P4","type":0,"depth":53,"symbol":63,"clipDepth":0,"id":10,"matrix":[0.9998779296875,0,0,1,799,8186]},{"name":"L1","type":0,"depth":54,"symbol":36,"clipDepth":0,"id":11,"matrix":[1.00007629394531,0,0,1,4938,9060]}]}]},{"type":4,"id":7,"commands":[3,5,2,0,[5987678,12040892],[1,1],[0,255],[0,-0.00787353515625,0.00787353515625,0,170,129],0,1,0,8,20,20,7,20,260,7,260,260,7,260,20,7,20,20,8,0,0,7,280,0,7,280,280,7,0,280,7,0,0,5,3,5,2,0,[13421772,16777215],[0.4,0.6],[0,255],[0,-0.0083160400390625,0.0083160400390625,0,120,143],0,1,0,8,20,20,7,260,20,7,260,260,7,20,260,7,20,20,5,3,5,2,0,[15658734,16777215],[0,0.301960784313725],[0,255],[0,-0.00408935546875,0.0083160400390625,0,120,87],0,1,0,8,260,150,7,20,150,7,20,20,7,260,20,7,260,150,5]},{"selectable":false,"html":false,"password":false,"color":-16777216,"fontName":"Choco","rect":[-40,-40,10160,994],"text":"\r","type":2,"border":false,"leftMargin":0,"fontID":27,"id":63,"wordWrap":true,"leading":0,"indent":0,"multiline":true,"align":"center","rightMargin":0,"fontHeight":360,"input":false},{"type":5,"className":"fl.core.ComponentShim","baseClassName":null,"id":6,"frames":[{}]},{"selectable":false,"password":false,"color":-12173780,"fontName":"Choco","rect":[-40,-40,7600,1400],"type":2,"border":false,"leftMargin":0,"fontID":27,"id":62,"wordWrap":true,"leading":0,"indent":0,"multiline":true,"align":"right","rightMargin":0,"fontHeight":360,"input":false},{"type":5,"id":5,"frames":[{"objects":[{"name":null,"type":0,"depth":1,"symbol":4,"clipDepth":0,"id":0,"matrix":[1,0,0,1,0,0]}]}]},{"selectable":false,"html":false,"password":false,"color":-3127,"fontName":"Choco","rect":[431,-40,4601,940],"text":"ךסמה םש","type":2,"border":false,"leftMargin":0,"fontID":27,"id":61,"wordWrap":true,"leading":0,"indent":0,"multiline":true,"align":"right","rightMargin":0,"fontHeight":720,"input":false},{"type":4,"id":4,"commands":[3,5,1,16777215,1,8,1600,440,7,0,440,7,0,0,7,1600,0,7,1600,440,5,6,0.05,0,1,false,2,1,2,3,8,1600,440,7,0,440,7,0,0,7,1600,0,7,1600,440]},{"selectable":false,"html":true,"password":false,"color":-12173780,"fontName":"choco","rect":[-40,-40,7599,1301],"text":"<p align=\"right\"></p>","type":2,"border":false,"leftMargin":0,"fontID":29,"id":60,"wordWrap":true,"leading":0,"indent":0,"multiline":true,"align":"right","rightMargin":0,"fontHeight":360,"input":false},{"selectable":false,"html":true,"password":false,"color":-12173780,"fontName":"choco","rect":[-40,-40,7599,1301],"text":"<p align=\"right\"></p>","type":2,"border":false,"leftMargin":0,"fontID":29,"id":59,"wordWrap":true,"leading":0,"indent":0,"multiline":true,"align":"right","rightMargin":0,"fontHeight":360,"input":false},{"type":5,"className":"emptyCard","baseClassName":null,"id":3,"frames":[{"objects":[{"name":null,"type":0,"depth":1,"symbol":2,"clipDepth":0,"id":0,"matrix":[1,0,0,1,0,0]}]}]},{"type":4,"id":58,"commands":[6,2,16115899,1,false,2,1,2,3,8,11340,5040,7,11340,8040,7,8540,8040,7,8540,5040,7,11340,5040]},{"type":5,"id":2,"frames":[{"objects":[{"type":0,"depth":0,"symbol":1,"clipDepth":0,"id":0,"visible":true,"matrix":[0.999907684326172,0,0,1.01594161987305,-1,0]}]}]},{"path":"symbols/1.jpg","type":0,"id":1,"smooth":false,"alpha":"symbols/1a.png"},{"type":4,"id":57,"commands":[3,5,0,1,[0.999999237060547,0,0,1.01594161987305,-2,0],false,false,8,11878,10200,7,-2,10200,7,-2,0,7,11878,0,7,11878,10200,5,6,2,16115899,1,false,2,1,2,3,8,11340,1900,7,11340,4900,7,8540,4900,7,8540,1900,7,11340,1900]},{"type":5,"className":"help05","baseClassName":null,"id":56,"frames":[{"objects":[{"name":null,"type":0,"depth":2,"symbol":49,"clipDepth":0,"id":0,"matrix":[1,0,0,1,0,0]},{"name":"PIC1","type":0,"depth":3,"symbol":26,"clipDepth":0,"id":1,"matrix":[0.984893798828125,0,0,1.01252746582031,8560,3620]},{"name":"P1","type":0,"depth":5,"symbol":50,"clipDepth":0,"id":2,"matrix":[1.00007629394531,0,0,1,800,2360]},{"name":"P3","type":0,"depth":6,"symbol":51,"clipDepth":0,"id":3,"matrix":[1.00007629394531,0,0,1,799,5220]},{"name":"P4","type":0,"depth":7,"symbol":52,"clipDepth":0,"id":4,"matrix":[0.999969482421875,0,0,1,800,7640]},{"name":"P5","type":0,"depth":8,"symbol":53,"clipDepth":0,"id":5,"matrix":[1.00007629394531,0,0,1,5888,876]},{"name":"P2","type":0,"depth":9,"symbol":54,"clipDepth":0,"id":6,"matrix":[1.00007629394531,0,0,1,799,3920]},{"name":null,"type":0,"depth":10,"symbol":55,"clipDepth":0,"id":7,"matrix":[1.00007629394531,0,0,1,-282,1219]},{"name":"dontShowCB","type":0,"depth":11,"symbol":24,"clipDepth":0,"id":8,"matrix":[0.260009765625,0,0,1,2659,1100]},{"name":"L1","type":0,"depth":51,"symbol":36,"clipDepth":0,"id":9,"matrix":[1.00007629394531,0,0,1,4938,9060]}]}]}],"frameRate":12}