{"name":null,"assets":[{"path":"symbols/105.jpg","type":"IMAGE"},{"path":"symbols/105a.png","type":"IMAGE"},{"path":"symbols/107.jpg","type":"IMAGE"},{"path":"symbols/107a.png","type":"IMAGE"},{"path":"symbols/48.jpg","type":"IMAGE"},{"path":"symbols/53.jpg","type":"IMAGE"},{"path":"symbols/53a.png","type":"IMAGE"},{"path":"symbols/84.jpg","type":"IMAGE"},{"path":"symbols/84a.png","type":"IMAGE"},{"path":"symbols/94.jpg","type":"IMAGE"},{"path":"symbols/94a.png","type":"IMAGE"},{"path":"symbols/102.png","type":"IMAGE"},{"path":"data.json","type":"TEXT"}],"rootPath":null,"version":3,"libraryArgs":["data.json","BusqAnD3ocfdm6w9UTmT"],"libraryType":"swf.exporters.animate.AnimateLibrary"}