{"name":null,"assets":[{"path":"symbols/69.jpg","type":"IMAGE"},{"path":"symbols/69a.png","type":"IMAGE"},{"path":"symbols/103.jpg","type":"IMAGE"},{"path":"symbols/103a.png","type":"IMAGE"},{"path":"symbols/73.jpg","type":"IMAGE"},{"path":"symbols/73a.png","type":"IMAGE"},{"path":"symbols/72.jpg","type":"IMAGE"},{"path":"symbols/72a.png","type":"IMAGE"},{"path":"symbols/119.jpg","type":"IMAGE"},{"path":"symbols/119a.png","type":"IMAGE"},{"path":"symbols/123.jpg","type":"IMAGE"},{"path":"symbols/123a.png","type":"IMAGE"},{"path":"symbols/126.jpg","type":"IMAGE"},{"path":"symbols/126a.png","type":"IMAGE"},{"path":"symbols/128.jpg","type":"IMAGE"},{"path":"symbols/128a.png","type":"IMAGE"},{"path":"symbols/131.jpg","type":"IMAGE"},{"path":"symbols/131a.png","type":"IMAGE"},{"path":"symbols/133.jpg","type":"IMAGE"},{"path":"symbols/133a.png","type":"IMAGE"},{"path":"symbols/136.jpg","type":"IMAGE"},{"path":"symbols/136a.png","type":"IMAGE"},{"path":"symbols/138.jpg","type":"IMAGE"},{"path":"symbols/138a.png","type":"IMAGE"},{"path":"symbols/141.jpg","type":"IMAGE"},{"path":"symbols/141a.png","type":"IMAGE"},{"path":"symbols/143.jpg","type":"IMAGE"},{"path":"symbols/143a.png","type":"IMAGE"},{"path":"symbols/146.jpg","type":"IMAGE"},{"path":"symbols/146a.png","type":"IMAGE"},{"path":"symbols/148.jpg","type":"IMAGE"},{"path":"symbols/148a.png","type":"IMAGE"},{"path":"symbols/161.jpg","type":"IMAGE"},{"path":"symbols/161a.png","type":"IMAGE"},{"path":"symbols/163.jpg","type":"IMAGE"},{"path":"symbols/163a.png","type":"IMAGE"},{"path":"symbols/165.jpg","type":"IMAGE"},{"path":"symbols/165a.png","type":"IMAGE"},{"path":"symbols/173.jpg","type":"IMAGE"},{"path":"symbols/173a.png","type":"IMAGE"},{"path":"data.json","type":"TEXT"}],"rootPath":null,"version":3,"libraryArgs":["data.json","ID11jSMEMP2dDrzhS39l"],"libraryType":"swf.exporters.animate.AnimateLibrary"}