{"name":null,"assets":[{"path":"symbols/3.png","type":"IMAGE"},{"path":"symbols/6.png","type":"IMAGE"},{"path":"symbols/8.png","type":"IMAGE"},{"path":"symbols/10.png","type":"IMAGE"},{"path":"symbols/12.png","type":"IMAGE"},{"path":"symbols/14.png","type":"IMAGE"},{"path":"symbols/16.png","type":"IMAGE"},{"path":"symbols/18.png","type":"IMAGE"},{"path":"symbols/20.png","type":"IMAGE"},{"path":"symbols/22.png","type":"IMAGE"},{"path":"symbols/25.png","type":"IMAGE"},{"path":"symbols/27.png","type":"IMAGE"},{"path":"symbols/29.png","type":"IMAGE"},{"path":"symbols/31.png","type":"IMAGE"},{"path":"symbols/33.png","type":"IMAGE"},{"path":"symbols/35.png","type":"IMAGE"},{"path":"symbols/37.png","type":"IMAGE"},{"path":"symbols/39.png","type":"IMAGE"},{"path":"symbols/41.png","type":"IMAGE"},{"path":"symbols/43.png","type":"IMAGE"},{"path":"symbols/46.png","type":"IMAGE"},{"path":"symbols/48.png","type":"IMAGE"},{"path":"symbols/50.jpg","type":"IMAGE"},{"path":"symbols/50a.png","type":"IMAGE"},{"path":"symbols/52.jpg","type":"IMAGE"},{"path":"symbols/52a.png","type":"IMAGE"},{"path":"symbols/54.png","type":"IMAGE"},{"path":"symbols/56.png","type":"IMAGE"},{"path":"symbols/58.png","type":"IMAGE"},{"path":"symbols/60.png","type":"IMAGE"},{"path":"symbols/62.png","type":"IMAGE"},{"path":"symbols/64.png","type":"IMAGE"},{"path":"symbols/67.png","type":"IMAGE"},{"path":"symbols/69.png","type":"IMAGE"},{"path":"symbols/72.png","type":"IMAGE"},{"path":"symbols/77.jpg","type":"IMAGE"},{"path":"symbols/77a.png","type":"IMAGE"},{"path":"symbols/79.jpg","type":"IMAGE"},{"path":"symbols/79a.png","type":"IMAGE"},{"path":"symbols/81.jpg","type":"IMAGE"},{"path":"symbols/81a.png","type":"IMAGE"},{"path":"symbols/134.jpg","type":"IMAGE"},{"path":"symbols/134a.png","type":"IMAGE"},{"path":"symbols/84.png","type":"IMAGE"},{"path":"symbols/91.png","type":"IMAGE"},{"path":"symbols/93.png","type":"IMAGE"},{"path":"symbols/95.png","type":"IMAGE"},{"path":"symbols/109.jpg","type":"IMAGE"},{"path":"symbols/109a.png","type":"IMAGE"},{"path":"data.json","type":"TEXT"}],"rootPath":null,"version":3,"libraryArgs":["data.json","dEUCiLnPetwOjMwoCYtE"],"libraryType":"swf.exporters.animate.AnimateLibrary"}