{"name":null,"assets":[{"path":"symbols/23.jpg","type":"IMAGE"},{"path":"symbols/22.jpg","type":"IMAGE"},{"path":"symbols/22a.png","type":"IMAGE"},{"path":"symbols/32.jpg","type":"IMAGE"},{"path":"symbols/32a.png","type":"IMAGE"},{"path":"symbols/38.jpg","type":"IMAGE"},{"path":"symbols/38a.png","type":"IMAGE"},{"path":"symbols/181.jpg","type":"IMAGE"},{"path":"symbols/181a.png","type":"IMAGE"},{"path":"symbols/1.jpg","type":"IMAGE"},{"path":"symbols/1a.png","type":"IMAGE"},{"path":"symbols/3.jpg","type":"IMAGE"},{"path":"symbols/3a.png","type":"IMAGE"},{"path":"symbols/5.jpg","type":"IMAGE"},{"path":"symbols/5a.png","type":"IMAGE"},{"path":"symbols/7.jpg","type":"IMAGE"},{"path":"symbols/7a.png","type":"IMAGE"},{"path":"symbols/9.jpg","type":"IMAGE"},{"path":"symbols/9a.png","type":"IMAGE"},{"path":"symbols/11.jpg","type":"IMAGE"},{"path":"symbols/11a.png","type":"IMAGE"},{"path":"symbols/13.jpg","type":"IMAGE"},{"path":"symbols/13a.png","type":"IMAGE"},{"path":"symbols/15.jpg","type":"IMAGE"},{"path":"symbols/15a.png","type":"IMAGE"},{"path":"symbols/17.jpg","type":"IMAGE"},{"path":"symbols/17a.png","type":"IMAGE"},{"path":"symbols/19.jpg","type":"IMAGE"},{"path":"symbols/19a.png","type":"IMAGE"},{"path":"data.json","type":"TEXT"}],"rootPath":null,"version":3,"libraryArgs":["data.json","Q36NHA3qwvdz1V1MJewN"],"libraryType":"swf.exporters.animate.AnimateLibrary"}