{"root":0,"uuid":"f2suLAQTJ2VYvrLpu6D7","version":0.1,"symbols":[{"type":5,"frames":[{"objects":[{"name":null,"type":0,"depth":1,"symbol":178,"clipDepth":0,"id":222,"matrix":[1,0,0,1,0,0]},{"name":null,"type":0,"depth":52,"symbol":115,"clipDepth":0,"id":223,"matrix":[1,0,0,1,10782,3241]},{"name":null,"type":0,"depth":59,"symbol":105,"clipDepth":0,"id":224,"matrix":[1,0,0,1,1071,-2881]},{"name":null,"type":0,"depth":71,"symbol":85,"clipDepth":0,"id":225,"matrix":[1,0,0,1,10422,8260]},{"name":null,"type":0,"depth":80,"symbol":79,"clipDepth":0,"id":226,"matrix":[1,0,0,1,1732,2591]},{"name":null,"type":0,"depth":94,"symbol":63,"clipDepth":0,"id":227,"matrix":[1,0,0,1,1885,13241]},{"name":null,"type":0,"depth":111,"symbol":40,"clipDepth":0,"id":228,"matrix":[1,0,0,1,10472,13435]},{"name":null,"type":0,"depth":125,"symbol":24,"clipDepth":0,"id":229,"matrix":[1,0,0,1,19462,8601]}]}]},{"type":5,"id":111,"frames":[{"objects":[{"type":0,"depth":0,"symbol":110,"clipDepth":0,"id":0,"visible":true,"matrix":[0.999342346191406,0,0,0.999324035644531,-699,-659]}]}]},{"path":"symbols/110.jpg","type":0,"id":110,"smooth":false,"alpha":"symbols/110a.png"},{"type":5,"id":109,"frames":[{"objects":[{"type":0,"depth":0,"symbol":108,"clipDepth":0,"id":0,"visible":true,"matrix":[-0.6995849609375,0,0,0.699594879150391,595,-608]}]}]},{"path":"symbols/108.jpg","type":0,"id":108,"smooth":false,"alpha":"symbols/108a.png"},{"selectable":false,"password":false,"color":-16777216,"fontName":"Choco","rect":[-40,-40,5281,1821],"type":2,"border":false,"leftMargin":0,"fontID":6,"id":107,"wordWrap":true,"leading":40,"indent":0,"multiline":true,"align":"center","rightMargin":0,"fontHeight":440,"input":false},{"type":4,"id":106,"commands":[6,1,0,1,false,2,1,2,3,8,524,4383,7,524,1223,7,5724,1223,7,5724,4383,7,524,4383,3,5,0,65,[1,0,0,1,0,0],false,false,8,6500,4900,7,0,4900,7,0,0,7,6500,0,7,6500,4900,5]},{"type":5,"className":"waitBox","baseClassName":null,"id":105,"frames":[{"objects":[{"name":null,"type":0,"depth":1,"symbol":87,"clipDepth":0,"id":0,"matrix":[1,0,0,1,0,0]},{"name":"dt","type":0,"depth":2,"symbol":88,"clipDepth":0,"id":1,"matrix":[1,0,0,0.999008178710938,2824,976]},{"name":"prcMC","type":0,"depth":3,"symbol":91,"clipDepth":0,"id":2,"matrix":[1,0,0,0.999008178710938,5974,2108]},{"name":null,"type":0,"depth":5,"symbol":92,"clipDepth":0,"id":3,"matrix":[1,0,0,1,0,0]},{"name":"maskMC","type":0,"depth":6,"symbol":94,"clipDepth":9,"id":4,"matrix":[1.65573120117188,0,0,0.999008178710938,920,1462]},{"name":null,"type":0,"depth":8,"symbol":95,"clipDepth":0,"id":5,"matrix":[1,0,0,1,0,0]},{"name":"flareMC","type":0,"depth":11,"symbol":104,"clipDepth":0,"id":6,"matrix":[0.699996948242188,0,0,0.699295043945313,920,1630]}]}]},{"type":5,"id":104,"frames":[{"objects":[{"name":null,"type":0,"depth":1,"symbol":97,"clipDepth":0,"id":0,"matrix":[1,0,0,1,0,0]}]},{},{},{"objects":[{"name":null,"type":0,"depth":1,"symbol":99,"clipDepth":0,"id":4,"matrix":[1,0,0,1,0,0]},{"type":2,"id":0}]},{},{},{"objects":[{"name":null,"type":0,"depth":1,"symbol":101,"clipDepth":0,"id":8,"matrix":[1,0,0,1,0,0]},{"type":2,"id":4}]},{},{},{"objects":[{"name":null,"type":0,"depth":1,"symbol":103,"clipDepth":0,"id":12,"matrix":[1,0,0,1,0,0]},{"type":2,"id":8}]},{},{},{"objects":[{"name":null,"type":0,"depth":1,"symbol":101,"clipDepth":0,"id":16,"matrix":[1,0,0,1,0,0]},{"type":2,"id":12}]},{},{},{"objects":[{"name":null,"type":0,"depth":1,"symbol":99,"clipDepth":0,"id":20,"matrix":[1,0,0,1,0,0]},{"type":2,"id":16}]},{},{}]},{"type":5,"id":103,"frames":[{"objects":[{"type":0,"depth":0,"symbol":102,"clipDepth":0,"id":0,"visible":true,"matrix":[1,0,0,1,-330,-320]}]}]},{"path":"symbols/102.png","type":0,"id":102,"smooth":false},{"type":5,"id":101,"frames":[{"objects":[{"type":0,"depth":0,"symbol":100,"clipDepth":0,"id":0,"visible":true,"matrix":[1,0,0,1,-330,-310]}]}]},{"path":"symbols/100.png","type":0,"id":100,"smooth":false},{"type":5,"id":99,"frames":[{"objects":[{"type":0,"depth":0,"symbol":98,"clipDepth":0,"id":0,"visible":true,"matrix":[1,0,0,1,-320,-310]}]}]},{"path":"symbols/98.png","type":0,"id":98,"smooth":false},{"type":5,"id":97,"frames":[{"objects":[{"type":0,"depth":0,"symbol":96,"clipDepth":0,"id":0,"visible":true,"matrix":[1,0,0,1,-320,-310]}]}]},{"path":"symbols/96.png","type":0,"id":96,"smooth":false},{"type":4,"id":95,"commands":[3,5,2,0,[4699618,15726330,15726330,10081521],[1,1,1,1],[0,156,202,255],[0,-0.0018310546875,0.00244140625,0,3972,1628],0,1,0,8,11009,1656,4,10997,1668,10981,1668,7,963,1668,4,947,1668,935,1656,4,923,1644,923,1628,4,923,1612,935,1600,4,947,1588,963,1588,7,10981,1588,4,10997,1588,11009,1600,4,11021,1612,11021,1628,4,11021,1644,11009,1656,5]},{"type":5,"id":94,"frames":[{"objects":[{"name":null,"type":0,"depth":1,"symbol":93,"clipDepth":0,"id":0,"matrix":[1,0,0,1,0,0]}]}]},{"type":4,"id":93,"commands":[3,5,1,16711680,1,8,6100,376,7,0,376,7,0,0,7,6100,0,7,6100,376,5]},{"type":4,"id":92,"commands":[3,5,2,0,[1261912,930115],[1,1],[0,255],[0,-0.00396728515625,0.00396728515625,0,3957,1651],0,1,0,8,11009,1656,4,10997,1668,10981,1668,7,963,1668,4,947,1668,935,1656,4,923,1644,923,1628,4,923,1612,935,1600,4,947,1588,963,1588,7,10981,1588,4,10997,1588,11009,1600,4,11021,1612,11021,1628,4,11021,1644,11009,1656,5,6,1.5,2302478,1,false,2,1,2,3,8,11009,1656,4,11021,1644,11021,1628,4,11021,1612,11009,1600,4,10997,1588,10981,1588,7,963,1588,4,947,1588,935,1600,4,923,1612,923,1628,4,923,1644,935,1656,4,947,1668,963,1668,7,10981,1668,4,10997,1668,11009,1656]},{"type":5,"className":"general_fla.percentage_20","baseClassName":null,"id":91,"frames":[{"objects":[{"name":"dt","type":0,"depth":1,"symbol":90,"clipDepth":0,"id":0,"matrix":[1,0,0,1,-1000,-285]}]}]},{"selectable":false,"html":true,"password":false,"color":-16777216,"fontName":"Footlight MT Light","rect":[386,-40,1228,650],"text":"<p align=\"center\"><font face=\"Footlight MT Light\" size=\"24\" color=\"#000000\" letterSpacing=\"0.000000\" kerning=\"1\"><b>100%</b></font></p>","type":2,"border":false,"leftMargin":0,"fontID":89,"id":90,"wordWrap":true,"leading":40,"indent":0,"multiline":true,"align":"center","rightMargin":0,"fontHeight":480,"input":false},{"selectable":false,"html":true,"password":false,"color":-16777216,"fontName":"Choco","rect":[60,-40,6100,584],"text":"<p align=\"center\"><font face=\"Choco\" size=\"24\" color=\"#000000\" letterSpacing=\"0.000000\" kerning=\"1\">ךובמ ןעוט</font></p>","type":2,"border":false,"leftMargin":0,"fontID":6,"id":88,"wordWrap":true,"leading":40,"indent":0,"multiline":true,"align":"center","rightMargin":0,"fontHeight":480,"input":false},{"type":5,"id":87,"frames":[{"objects":[{"type":0,"depth":0,"symbol":86,"clipDepth":0,"id":0,"visible":true,"matrix":[0.999830627441406,0,0,0.99935302734375,0,0]}]}]},{"path":"symbols/86.jpg","type":0,"id":86,"smooth":false,"alpha":"symbols/86a.png"},{"type":5,"className":"yesNoBox","baseClassName":null,"id":85,"frames":[{"objects":[{"name":null,"type":0,"depth":1,"symbol":80,"clipDepth":0,"id":0,"matrix":[1,0,0,1,0,0]},{"name":"dt","type":0,"depth":2,"symbol":81,"clipDepth":0,"id":1,"matrix":[1,0,0,1,404,759]},{"name":"confirmButton","type":0,"depth":3,"symbol":78,"clipDepth":0,"id":2,"matrix":[1,0,0,1,3298,3376]},{"name":"cancelButton","type":0,"depth":8,"symbol":84,"clipDepth":0,"id":3,"matrix":[1,0,0,1,344,3376]}]}]},{"type":5,"className":"general_fla.cancelButton_24","baseClassName":null,"id":84,"frames":[{"labels":["up"],"scriptSource":"\nthis.stop();","objects":[{"name":null,"type":0,"depth":1,"symbol":75,"clipDepth":0,"id":1,"matrix":[0.976959228515625,0,0,0.952362060546875,0,15]},{"name":null,"type":0,"depth":4,"symbol":83,"clipDepth":0,"id":2,"filters":[[3,16777164,1,7,7,1,2,false,false]],"matrix":[1,0,0,1,740,180]}]},{"labels":["rollover"],"objects":[{"name":null,"type":1,"depth":4,"symbol":83,"clipDepth":0,"id":2,"filters":[[3,16777164,1,46,16,1.8984375,2,false,false]]}]}]},{"type":5,"id":83,"frames":[{"objects":[{"name":null,"type":0,"depth":1,"symbol":82,"clipDepth":0,"id":0,"matrix":[1,0,0,1,34,40]}]}]},{"type":6,"id":82,"records":[{"color":-1,"offset":[0,420],"fontID":6,"glyphs":[141,134,137,138,130],"fontHeight":600,"advances":[280,120,337,113,376]}],"matrix":[1,0,0,1,6,0]},{"selectable":false,"html":false,"password":false,"color":-16777216,"fontName":"Choco","rect":[-40,-40,5699,2404],"text":"\r","type":2,"border":false,"leftMargin":0,"fontID":6,"id":81,"wordWrap":true,"leading":40,"indent":0,"multiline":true,"align":"center","rightMargin":0,"fontHeight":440,"input":false},{"type":5,"id":80,"frames":[{"objects":[{"type":0,"depth":0,"symbol":65,"clipDepth":0,"id":0,"visible":true,"matrix":[1,0,0,1,0,0]}]}]},{"type":5,"className":"winBox","baseClassName":null,"id":79,"frames":[{"objects":[{"name":null,"type":0,"depth":3,"symbol":66,"clipDepth":0,"id":0,"matrix":[1,0,0,1,0,0]},{"name":"iconMC","type":0,"depth":4,"symbol":69,"clipDepth":0,"id":1,"matrix":[1,0,0,1,797,600]},{"name":"prizesMC","type":0,"depth":6,"symbol":4,"clipDepth":0,"id":2,"matrix":[1,0,0,0.999664306640625,1020,1664]},{"name":"ingredientsMC","type":0,"depth":8,"symbol":4,"clipDepth":0,"id":3,"matrix":[1,0,0,0.999664306640625,822,3384]},{"name":"dt1","type":0,"depth":10,"symbol":70,"clipDepth":0,"id":4,"matrix":[1,0,0,0.999664306640625,690,1254]},{"name":"headDT","type":0,"depth":11,"symbol":72,"clipDepth":0,"id":5,"matrix":[1,0,0,0.999664306640625,943,700]},{"name":"dt2","type":0,"depth":12,"symbol":73,"clipDepth":0,"id":6,"matrix":[1,0,0,0.999664306640625,691,2936]},{"name":"exitButton","type":0,"depth":13,"symbol":78,"clipDepth":0,"id":7,"matrix":[1,0,0,0.999664306640625,1810,5273]}]}]},{"type":5,"className":"general_fla.exitButton_16","baseClassName":null,"id":78,"frames":[{"labels":["up"],"scriptSource":"\nthis.stop();","objects":[{"name":null,"type":0,"depth":1,"symbol":75,"clipDepth":0,"id":1,"matrix":[0.976959228515625,0,0,0.952362060546875,0,0]},{"name":null,"type":0,"depth":4,"symbol":77,"clipDepth":0,"id":2,"filters":[[3,16777164,1,7,7,1,2,false,false]],"matrix":[1,0,0,1,680,160]}]},{"labels":["rollover"],"objects":[{"name":null,"type":1,"depth":4,"symbol":77,"clipDepth":0,"id":2,"filters":[[3,16777164,1,40,15,1.8984375,2,false,false]],"matrix":[1.00003051757813,0,0,1,680,160]}]}]},{"type":5,"id":77,"frames":[{"objects":[{"name":null,"type":0,"depth":1,"symbol":76,"clipDepth":0,"id":0,"matrix":[1,0,0,1,59,40]}]}]},{"type":6,"id":76,"records":[{"color":-1,"offset":[0,420],"fontID":6,"glyphs":[153,134,154,138,129],"fontHeight":600,"advances":[311,120,388,113,344]}],"matrix":[1,0,0,1,-19,0]},{"type":5,"id":75,"frames":[{"objects":[{"name":null,"type":0,"depth":2,"symbol":74,"clipDepth":0,"id":0,"matrix":[1,0,0,1,0,0]}]}]},{"type":4,"id":74,"commands":[3,5,1,734012,1,8,0,601,7,0,299,4,0,0,299,0,7,2567,0,4,2866,0,2866,299,7,2866,601,4,2866,900,2567,900,7,299,900,4,0,900,0,601,5,6,3,16378805,1,false,2,1,2,3,8,0,601,4,0,900,299,900,7,2567,900,4,2866,900,2866,601,7,2866,299,4,2866,0,2567,0,7,299,0,4,0,0,0,299,7,0,601,3,5,2,0,[16777215,16777215],[0.501960784313725,0.101960784313725],[0,255],[0,0.0091552734375,-0.0095977783203125,0,1387,277],0,1,0,8,2669,414,4,2623,460,2558,460,7,337,460,4,272,460,226,414,4,180,368,180,303,7,180,277,4,180,212,226,166,4,272,120,337,120,7,2558,120,4,2623,120,2669,166,4,2715,212,2715,277,7,2715,303,4,2715,368,2669,414,5]},{"selectable":true,"password":false,"color":-16777216,"fontName":"Choco","rect":[-40,-40,5059,584],"type":2,"border":false,"leftMargin":0,"fontID":6,"id":73,"wordWrap":true,"leading":40,"indent":0,"multiline":true,"align":"center","rightMargin":0,"fontHeight":480,"input":true},{"selectable":false,"password":false,"color":-16777216,"fontName":"Choco","rect":[-40,-40,4771,542],"type":2,"border":false,"leftMargin":0,"fontID":71,"id":72,"wordWrap":true,"leading":40,"indent":0,"multiline":true,"align":"right","rightMargin":0,"fontHeight":440,"input":false},{"selectable":true,"password":false,"color":-16777216,"fontName":"Choco","rect":[-40,-40,5059,542],"type":2,"border":false,"leftMargin":0,"fontID":6,"id":70,"wordWrap":true,"leading":40,"indent":0,"multiline":true,"align":"center","rightMargin":0,"fontHeight":440,"input":true},{"type":5,"className":"general_fla.treasurecontainer_27","baseClassName":null,"id":69,"frames":[{"scriptSource":"\nthis.stop();","objects":[{"name":null,"type":0,"depth":1,"symbol":68,"clipDepth":0,"id":0,"matrix":[1,0,0,1,0,0]}]},{"objects":[{"type":2,"id":0}]}]},{"type":5,"id":68,"frames":[{"objects":[{"type":0,"depth":0,"symbol":67,"clipDepth":0,"id":0,"visible":true,"matrix":[0.998999786376953,0,0,0.998958587646484,-499,-479]}]}]},{"path":"symbols/67.jpg","type":0,"id":67,"smooth":false,"alpha":"symbols/67a.png"},{"type":5,"className":"generalFrame","baseClassName":null,"id":178,"frames":[{"objects":[{"name":null,"type":0,"depth":9,"symbol":121,"clipDepth":0,"id":0,"matrix":[1,0,0,1,0,0]},{"name":"holesMC","type":0,"depth":10,"symbol":153,"clipDepth":0,"id":1,"matrix":[1,0,0,1,5062,244]},{"name":"helpMC","type":0,"depth":27,"symbol":160,"clipDepth":0,"id":2,"matrix":[1,0,0,1,2040,665]},{"name":"musicVolumeMC","type":0,"depth":30,"symbol":171,"clipDepth":0,"id":3,"matrix":[1,0,0,1,14224,356]},{"name":"effectsVolumeMC","type":0,"depth":40,"symbol":171,"clipDepth":0,"id":4,"matrix":[1,0,0,1,14224,839]},{"name":"mainMenuMC","type":0,"depth":50,"symbol":177,"clipDepth":0,"id":5,"matrix":[1,0,0,1,760,710]}]}]},{"type":4,"id":66,"commands":[6,1,0,1,false,2,1,2,3,8,650,4262,7,650,1103,7,5850,1103,7,5850,4262,7,650,4262,3,5,0,65,[1,0,0,1.44998168945313,0,-123],false,false,8,6500,-123,7,6500,6982,7,0,6982,7,0,-123,7,6500,-123,5,3,5,0,64,[1,0,0,0.999664306640625,528,851],false,false,8,6208,1391,7,528,1391,7,528,851,7,6208,851,7,6208,1391,5]},{"type":5,"className":"general_fla.fullScreen_13","baseClassName":null,"id":177,"frames":[{"labels":["reg"],"scriptSource":"\nthis.stop();","objects":[{"name":null,"type":0,"depth":1,"symbol":173,"clipDepth":0,"id":1,"matrix":[1,0,0,1,0,0]},{"name":null,"type":0,"depth":2,"symbol":174,"clipDepth":0,"id":2,"matrix":[1,0,0,1,-1472,142]}]},{"labels":["down"],"objects":[{"name":null,"type":0,"depth":1,"symbol":176,"clipDepth":0,"id":5,"matrix":[1,0,0,1,0,0]},{"type":2,"id":1}]}]},{"path":"symbols/65.jpg","type":0,"id":65,"smooth":false,"alpha":"symbols/65a.png"},{"type":5,"id":176,"frames":[{"objects":[{"type":0,"depth":0,"symbol":175,"clipDepth":0,"id":0,"visible":true,"matrix":[1,0,0,1,0,0]}]}]},{"path":"symbols/64.jpg","type":0,"id":64,"alpha":"symbols/64a.png"},{"path":"symbols/175.png","type":0,"id":175,"smooth":false},{"type":5,"className":"questBox","baseClassName":null,"id":63,"frames":[{"objects":[{"name":null,"type":0,"depth":1,"symbol":51,"clipDepth":0,"id":0,"matrix":[1,0,0,1,0,0]},{"name":"headDT","type":0,"depth":2,"symbol":53,"clipDepth":0,"id":1,"matrix":[1,0,0,0.999847412109375,1333,331]},{"name":"EXPOINTS","type":0,"depth":3,"symbol":54,"clipDepth":0,"id":2,"matrix":[1,0,0,1,3040,4154]},{"name":"exPointsDT","type":0,"depth":4,"symbol":55,"clipDepth":0,"id":3,"matrix":[1,0,0,1,1908,4150]},{"name":"prizeMC","type":0,"depth":5,"symbol":57,"clipDepth":0,"id":4,"matrix":[1,0,0,1,3100,3378]},{"name":"questIconMC","type":0,"depth":8,"symbol":49,"clipDepth":0,"id":5,"matrix":[0.899642944335938,0,0,0.899642944335938,2702,718]},{"name":null,"type":0,"depth":10,"symbol":61,"clipDepth":0,"id":6,"matrix":[0.79998779296875,0,0,0.79998779296875,3589,366]},{"name":"exitButton","type":0,"depth":13,"symbol":37,"clipDepth":0,"id":7,"matrix":[0.916046142578125,0,0,1,2900,4660]},{"name":"dt","type":0,"depth":16,"symbol":62,"clipDepth":0,"id":8,"matrix":[0.999862670898438,0,0,0.999847412109375,100,2410]}]}]},{"type":6,"id":174,"records":[{"color":-996749,"offset":[0,200],"fontID":156,"glyphs":[5,9,1,8,0,4,5,8,7,10],"fontHeight":220,"advances":[60,157,128,115,61,138,60,115,129,148]}],"matrix":[1,0,0,1,1535,0]},{"selectable":false,"html":false,"password":false,"color":-3018497,"fontName":"Choco","rect":[-40,-40,6909,1220],"text":"ע\rע\rכ","type":2,"border":false,"leftMargin":0,"fontID":6,"id":62,"wordWrap":true,"leading":-60,"indent":0,"multiline":true,"align":"center","rightMargin":0,"fontHeight":400,"input":false},{"type":5,"id":173,"frames":[{"objects":[{"type":0,"depth":0,"symbol":172,"clipDepth":0,"id":0,"visible":true,"matrix":[1,0,0,1,0,0]}]}]},{"type":5,"id":61,"frames":[{"objects":[{"name":null,"type":0,"depth":1,"symbol":58,"clipDepth":0,"id":0,"matrix":[1,0,0,1,0,0]},{"name":null,"type":0,"depth":2,"symbol":60,"clipDepth":0,"id":1,"matrix":[1,0,0,1,440,500]}]}]},{"path":"symbols/172.jpg","type":0,"id":172,"smooth":false,"alpha":"symbols/172a.png"},{"type":5,"id":60,"frames":[{"objects":[{"name":null,"type":0,"depth":1,"symbol":59,"clipDepth":0,"id":0,"matrix":[1,0,0,1,0,0]}]}]},{"type":5,"className":"general_fla.volumeBar_8","baseClassName":null,"id":171,"frames":[{"objects":[{"name":null,"type":0,"depth":1,"symbol":162,"clipDepth":0,"id":0,"filters":[[2,3,122.99935796991,0,1,5,5,1,1,true,false,false]],"matrix":[0.951446533203125,0,0,0.789474487304688,-51,70]},{"name":"maskMC","type":0,"depth":3,"symbol":164,"clipDepth":7,"id":1,"matrix":[1,0,0,1,0,0]},{"name":"backMC","type":0,"depth":5,"symbol":167,"clipDepth":0,"id":2,"matrix":[1,0,0,1,0,0]},{"name":"sliderMC","type":0,"depth":9,"symbol":170,"clipDepth":0,"id":3,"matrix":[1,0,0,1,1800,0]}]}]},{"type":4,"id":59,"commands":[3,5,1,3611648,1,8,496,97,7,496,219,4,378,294,298,503,4,267,397,115,315,7,193,253,7,298,332,4,363,159,496,97,5,6,1,3611648,1,false,2,1,2,3,8,496,97,4,363,159,298,332,7,193,253,7,115,315,4,267,397,298,503,4,378,294,496,219,7,496,97]},{"type":5,"id":170,"frames":[{"objects":[{"name":null,"type":0,"depth":1,"symbol":169,"clipDepth":0,"id":0,"matrix":[1,0,0,1,0,0]}]}]},{"type":4,"id":58,"commands":[3,5,2,0,[13823668,8632108,14873288],[1,1,1],[0,88,255],[0,-0.020111083984375,0.02093505859375,0,769,802],0,1,0,8,1100,897,7,986,948,7,981,1072,7,859,1047,7,782,1144,7,698,1053,7,578,1086,7,564,962,7,448,919,7,509,811,7,440,708,7,554,656,7,559,532,7,681,557,7,758,460,7,842,551,7,962,518,7,975,642,7,1093,685,7,1031,793,7,1100,897,5,6,1,3618101,1,false,2,1,1,4,8,1100,897,7,986,948,7,981,1072,7,859,1047,7,782,1144,7,698,1053,7,578,1086,7,564,962,7,448,919,7,509,811,7,440,708,7,554,656,7,559,532,7,681,557,7,758,460,7,842,551,7,962,518,7,975,642,7,1093,685,7,1031,793,7,1100,897]},{"type":5,"id":169,"frames":[{"objects":[{"type":0,"depth":0,"symbol":168,"clipDepth":0,"id":0,"visible":true,"matrix":[0.997618865966797,0,0,0.997727203369141,0,0]}]}]},{"type":5,"className":"general_fla.prizeIconcopy_30","baseClassName":null,"id":57,"frames":[{"objects":[{"name":"DT","type":0,"depth":1,"symbol":56,"clipDepth":0,"id":0,"matrix":[1,0,0,1,-1250,199]},{"name":"prizeIconMC","type":0,"depth":2,"symbol":18,"clipDepth":0,"id":1,"matrix":[1,0,0,1,903,159]}]}]},{"path":"symbols/168.png","type":0,"id":168,"smooth":false},{"selectable":false,"html":false,"password":false,"color":-1,"fontName":"Choco","rect":[68,-40,1232,500],"text":"9999999","type":2,"border":false,"leftMargin":0,"fontID":6,"id":56,"wordWrap":true,"leading":40,"indent":0,"multiline":true,"align":"right","rightMargin":0,"fontHeight":400,"input":false},{"type":5,"id":167,"frames":[{"objects":[{"name":null,"type":0,"depth":1,"symbol":166,"clipDepth":0,"id":0,"matrix":[1,0,0,1,0,0]}]}]},{"selectable":false,"html":false,"password":false,"color":-1,"fontName":"Choco","rect":[-40,-40,1280,504],"text":"9999999","type":2,"border":false,"leftMargin":0,"fontID":6,"id":55,"wordWrap":true,"leading":40,"indent":0,"multiline":true,"align":"right","rightMargin":0,"fontHeight":400,"input":false},{"type":5,"id":166,"frames":[{"objects":[{"type":0,"depth":0,"symbol":165,"clipDepth":0,"id":0,"visible":true,"matrix":[0.999647521972656,0,0,0.994999694824219,0,120]}]}]},{"selectable":false,"html":false,"password":false,"color":-10827265,"fontName":"Choco","rect":[-40,-40,2780,500],"text":"ןויסנ תודוקנ","type":2,"border":false,"leftMargin":0,"fontID":6,"id":54,"wordWrap":false,"leading":40,"indent":0,"multiline":false,"align":"center","rightMargin":0,"fontHeight":400,"input":false},{"path":"symbols/165.png","type":0,"id":165,"smooth":false},{"selectable":false,"password":false,"color":16777215,"fontName":"Petel","rect":[-40,-40,4737,480],"type":2,"border":false,"leftMargin":0,"fontID":52,"id":53,"wordWrap":false,"leading":40,"indent":0,"multiline":false,"align":"center","rightMargin":0,"fontHeight":400,"input":false},{"type":5,"id":164,"frames":[{"objects":[{"name":null,"type":0,"depth":1,"symbol":163,"clipDepth":0,"id":0,"matrix":[1,0,0,1,0,0]}]}]},{"type":4,"id":163,"commands":[3,5,1,65280,1,8,2840,430,7,0,430,7,0,0,7,2840,0,7,2840,430,5]},{"type":5,"id":51,"frames":[{"objects":[{"type":0,"depth":0,"symbol":50,"clipDepth":0,"id":0,"visible":true,"matrix":[0.999860382080078,0,0,0.999831390380859,-62,-592]}]}]},{"type":5,"id":162,"frames":[{"objects":[{"name":null,"type":0,"depth":1,"symbol":161,"clipDepth":0,"id":0,"matrix":[1,0,0,1,0,0]}]}]},{"path":"symbols/50.jpg","type":0,"id":50,"smooth":false,"alpha":"symbols/50a.png"},{"type":4,"id":161,"commands":[3,5,1,3287577,1,8,3080,294,4,3080,380,2992,380,7,89,380,4,0,380,0,294,7,0,86,4,0,0,89,0,7,2992,0,4,3080,0,3080,86,7,3080,294,5,6,1,0,1,false,2,1,2,3,8,3080,294,7,3080,86,4,3080,0,2992,0,7,89,0,4,0,0,0,86,7,0,294,4,0,380,89,380,7,2992,380,4,3080,380,3080,294]},{"type":5,"className":"questIcon","baseClassName":null,"id":49,"frames":[{"scriptSource":"\nthis.stop();","objects":[{"name":null,"type":0,"depth":1,"symbol":42,"clipDepth":0,"id":0,"matrix":[1,0,0,1,0,0]}]},{"objects":[{"name":null,"type":0,"depth":1,"symbol":44,"clipDepth":0,"id":2,"matrix":[1,0,0,1,0,0]},{"type":2,"id":0}]},{"objects":[{"name":null,"type":0,"depth":1,"symbol":46,"clipDepth":0,"id":4,"matrix":[1,0,0,1,0,0]},{"type":2,"id":2}]},{"objects":[{"name":null,"type":0,"depth":1,"symbol":48,"clipDepth":0,"id":6,"matrix":[1,0,0,1,0,0]},{"type":2,"id":4}]}]},{"type":5,"className":"general_fla.helpMC_7","baseClassName":null,"id":160,"frames":[{"labels":["reg"],"scriptSource":"\nthis.stop();","objects":[{"name":null,"type":0,"depth":1,"symbol":155,"clipDepth":0,"id":1,"matrix":[1,0,0,1,0,0]},{"name":null,"type":0,"depth":2,"symbol":157,"clipDepth":0,"id":2,"matrix":[1,0,0,1,-1369,182]}]},{"labels":["down"],"objects":[{"name":null,"type":0,"depth":1,"symbol":159,"clipDepth":0,"id":5,"matrix":[1,0,0,1,0,0]},{"type":2,"id":1}]}]},{"type":5,"id":48,"frames":[{"objects":[{"type":0,"depth":0,"symbol":47,"clipDepth":0,"id":0,"visible":true,"matrix":[0.999462127685547,0,0,0.999456787109375,0,0]}]}]},{"type":5,"id":159,"frames":[{"objects":[{"type":0,"depth":0,"symbol":158,"clipDepth":0,"id":0,"visible":true,"matrix":[1,0,0,1,-27,40]}]}]},{"path":"symbols/47.jpg","type":0,"id":47,"smooth":false,"alpha":"symbols/47a.png"},{"path":"symbols/158.png","type":0,"id":158,"smooth":false},{"type":5,"id":46,"frames":[{"objects":[{"type":0,"depth":0,"symbol":45,"clipDepth":0,"id":0,"visible":true,"matrix":[0.999462127685547,0,0,0.999456787109375,0,0]}]}]},{"type":6,"id":157,"records":[{"color":-996749,"offset":[0,200],"fontID":156,"glyphs":[2,8,3,6],"fontHeight":220,"advances":[135,115,91,120]}],"matrix":[1,0,0,1,1544,0]},{"path":"symbols/45.jpg","type":0,"id":45,"smooth":false,"alpha":"symbols/45a.png"},{"bold":true,"ascent":0,"name":"Arial","codes":[32,1488,1492,1494,1496,1497,1506,1508,1512,1513,1514],"type":3,"id":156,"italic":false,"leading":0,"descent":0,"glyphs":[[],[3,5,1,16777215,1,8,8480,-4510,7,8480,-4510,4,9470,-5160,10040,-6110,4,10610,-7070,10820,-9320,7,10940,-10610,7,8340,-10610,7,8200,-8870,4,8030,-6840,7250,-6270,7,4180,-10610,7,890,-10610,7,3360,-7090,4,2470,-6540,1890,-5540,4,1310,-4540,1110,-2250,7,910,0,7,3630,0,7,3790,-2110,4,3970,-4550,4670,-5240,7,8380,0,7,11680,0,7,8480,-4510,5],[3,5,1,16777215,1,8,4230,-5510,7,1420,-5510,7,1420,0,7,4230,0,7,4230,-5510,8,11330,0,7,11330,-5410,4,11330,-7250,10770,-8290,4,10200,-9340,8880,-10030,4,7560,-10730,5150,-10730,4,2930,-10730,1300,-10440,7,1500,-8190,4,3210,-8440,4660,-8440,4,6600,-8440,7570,-7690,4,8530,-6950,8530,-5000,7,8530,0,7,11330,0,5],[3,5,1,16777215,1,8,8110,-8600,7,8110,-10610,7,900,-10610,7,900,-8190,7,3830,-8190,4,2560,-7290,2560,-5490,4,2560,-5070,2620,-4440,4,2780,-2720,2780,-1350,7,2780,0,7,5390,0,7,5390,-1600,4,5390,-3090,5140,-4940,4,5060,-5580,5060,-5960,4,5060,-7330,5890,-7960,4,6720,-8600,8110,-8600,5],[3,5,1,16777215,1,8,6350,-7500,7,6350,-7500,4,6950,-8400,7720,-8400,4,8210,-8400,8550,-7910,4,8890,-7430,8890,-5750,7,8890,-4710,4,8890,-3460,8260,-2770,4,7620,-2090,6520,-2090,4,5450,-2090,4760,-2840,4,4060,-3600,4060,-5370,7,4060,-10610,7,1250,-10610,7,1250,-6000,4,1250,-3950,1740,-2720,4,2220,-1490,3480,-620,4,4730,250,6520,250,4,8400,250,9630,-640,4,10850,-1530,11270,-2730,4,11680,-3940,11680,-5780,4,11680,-7630,11360,-8620,4,11030,-9620,10290,-10230,4,9550,-10850,8440,-10850,4,6550,-10850,5510,-8990,7,6350,-7500,5],[3,5,1,16777215,1,8,4240,-10610,7,1350,-10610,7,1350,-4690,7,4240,-4690,7,4240,-10610,5],[3,5,1,16777215,1,8,5330,-2090,7,3870,-10610,7,1030,-10610,7,2870,-1250,4,1700,-960,100,-720,7,450,1580,4,3030,1160,4950,540,4,6860,-90,7800,-800,4,8730,-1510,9180,-2390,4,9620,-3270,9750,-4160,4,9870,-5060,9930,-6800,7,10080,-10610,7,7290,-10610,7,7170,-5590,4,7140,-4060,6800,-3290,4,6460,-2520,5330,-2090,5],[3,5,1,16777215,1,8,1270,-10280,7,1270,-7800,4,1270,-6060,1740,-5350,4,2210,-4640,2900,-4360,4,3580,-4080,4360,-4080,4,5200,-4080,5910,-4380,7,5440,-6120,4,5240,-6100,5080,-6100,4,3910,-6100,3910,-7560,7,3910,-8790,4,4490,-8900,5050,-8900,4,6590,-8900,7440,-7970,4,8290,-7040,8290,-5410,4,8290,-3630,7240,-2720,4,6190,-1820,4440,-1820,4,3070,-1820,1550,-2400,7,1000,-510,4,2880,160,4710,160,4,7620,160,9420,-1330,4,11220,-2820,11220,-5530,4,11220,-7860,9570,-9320,4,7910,-10790,5120,-10790,4,3160,-10790,1270,-10280,5],[3,5,1,16777215,1,8,9430,0,7,9430,-5730,4,9430,-8350,8000,-9540,4,6570,-10730,3720,-10730,4,1840,-10730,400,-10400,7,610,-8190,4,2160,-8380,3100,-8380,4,4940,-8380,5790,-7650,4,6630,-6920,6630,-5220,7,6630,0,7,9430,0,5],[3,5,1,16777215,1,8,4220,-3750,7,4220,-3750,4,5650,-3870,6540,-4270,4,7420,-4680,7850,-5250,4,8270,-5830,8410,-6390,4,8540,-6960,8600,-7990,7,8740,-10610,7,6020,-10610,7,5920,-8720,4,5850,-7320,5690,-6760,4,5530,-6200,5010,-5860,4,4490,-5530,3810,-5530,4,3810,-5720,3780,-6180,4,3710,-7240,3700,-7800,7,3680,-10610,7,900,-10610,7,1020,-7020,4,1020,-3350,2670,-1530,4,4310,290,7120,290,4,9290,290,10690,-610,4,12080,-1510,12680,-2740,4,13270,-3970,13490,-6550,7,13840,-10610,7,11080,-10610,7,10790,-6720,4,10570,-3890,9680,-2850,4,8790,-1820,7080,-1820,4,6070,-1820,5250,-2370,4,4420,-2930,4220,-3750,5],[3,5,1,16777215,1,8,880,-2110,7,450,-290,4,1610,80,2890,80,4,4070,80,4710,-290,4,5350,-670,5560,-1250,4,5760,-1840,5760,-3190,7,5760,-8500,4,8290,-8500,8960,-7870,4,9630,-7240,9630,-5220,7,9630,0,7,12440,0,7,12440,-5730,4,12440,-7730,11750,-8820,4,11050,-9910,9680,-10320,4,8310,-10730,5960,-10730,4,3180,-10730,600,-10400,7,820,-8230,4,2250,-8400,2950,-8400,7,2950,-3320,4,2950,-2500,2760,-2200,4,2570,-1910,1970,-1910,4,1490,-1910,880,-2110,5]],"advances":[null,null,null,null,null,null,null,null,null,null,null]},{"type":5,"id":44,"frames":[{"objects":[{"type":0,"depth":0,"symbol":43,"clipDepth":0,"id":0,"visible":true,"matrix":[0.999462127685547,0,0,0.999456787109375,0,0]}]}]},{"type":5,"id":155,"frames":[{"objects":[{"type":0,"depth":0,"symbol":154,"clipDepth":0,"id":0,"visible":true,"matrix":[1,0,0,1,-30,40]}]}]},{"path":"symbols/43.jpg","type":0,"id":43,"smooth":false,"alpha":"symbols/43a.png"},{"path":"symbols/154.png","type":0,"id":154,"smooth":false},{"type":5,"id":42,"frames":[{"objects":[{"type":0,"depth":0,"symbol":41,"clipDepth":0,"id":0,"visible":true,"matrix":[0.999462127685547,0,0,0.999456787109375,0,0]}]}]},{"type":5,"className":"general_fla.holes_2","baseClassName":null,"id":153,"frames":[{"objects":[{"name":null,"type":0,"depth":1,"symbol":123,"clipDepth":0,"id":0,"matrix":[0.813201904296875,0,0,0.813201904296875,2281,525]},{"name":null,"type":0,"depth":3,"symbol":123,"clipDepth":0,"id":1,"matrix":[0.635223388671875,0,0,0.635223388671875,1188,550]},{"name":null,"type":0,"depth":5,"symbol":123,"clipDepth":0,"id":2,"matrix":[0.418533325195313,0,0,0.418533325195313,280,550]},{"name":null,"type":0,"depth":7,"symbol":123,"clipDepth":0,"id":3,"matrix":[-0.813201904296875,0,0,0.813201904296875,6533,535]},{"name":null,"type":0,"depth":9,"symbol":123,"clipDepth":0,"id":4,"matrix":[-0.635223388671875,0,0,0.635223388671875,7626,560]},{"name":null,"type":0,"depth":11,"symbol":123,"clipDepth":0,"id":5,"matrix":[-0.418533325195313,0,0,0.418533325195313,8534,560]}]},{"labels":["no_order"],"scriptSource":"\nthis.stop();"},{"labels":["order3"],"objects":[{"name":null,"type":0,"depth":13,"symbol":132,"clipDepth":0,"id":10,"matrix":[1,0,0,1,1418,567]},{"name":null,"type":0,"depth":15,"symbol":132,"clipDepth":0,"id":11,"matrix":[-1,0,0,1,7387,567]}]},{"labels":["order2"],"objects":[{"name":null,"type":0,"depth":13,"symbol":141,"clipDepth":0,"id":16,"matrix":[1,0,0,1,1424,561]},{"name":null,"type":0,"depth":15,"symbol":141,"clipDepth":0,"id":17,"matrix":[-1,0,0,1,7393,561]},{"type":2,"id":11},{"type":2,"id":10}]},{"labels":["order1"],"objects":[{"name":null,"type":0,"depth":13,"symbol":152,"clipDepth":0,"id":22,"matrix":[1,0,0,1,1425,561]},{"name":null,"type":0,"depth":16,"symbol":152,"clipDepth":0,"id":23,"matrix":[-1,0,0,1,7394,561]},{"type":2,"id":17},{"type":2,"id":16}]}]},{"path":"symbols/41.jpg","type":0,"id":41,"smooth":false,"alpha":"symbols/41a.png"},{"type":5,"id":152,"frames":[{"objects":[{"name":null,"type":0,"depth":1,"symbol":143,"clipDepth":0,"id":0,"matrix":[1,0,0,1,0,0]}]},{},{},{},{"objects":[{"name":null,"type":0,"depth":2,"symbol":146,"clipDepth":0,"id":6,"matrix":[1,0,0,1,0,0]},{"type":2,"id":0}]},{},{},{},{"objects":[{"name":null,"type":0,"depth":1,"symbol":148,"clipDepth":0,"id":12,"matrix":[1,0,0,1,0,0]},{"type":2,"id":6}]},{},{},{},{"objects":[{"name":null,"type":0,"depth":1,"symbol":150,"clipDepth":0,"id":17,"matrix":[1,0,0,1,0,0]},{"type":2,"id":12}]},{},{},{"objects":[{"name":null,"type":0,"depth":1,"symbol":148,"clipDepth":0,"id":21,"matrix":[1,0,0,1,0,0]},{"type":2,"id":17}]},{},{},{},{"objects":[{"name":null,"type":0,"depth":2,"symbol":151,"clipDepth":0,"id":27,"matrix":[1,0,0,1,0,0]},{"type":2,"id":21}]},{},{}]},{"type":5,"className":"levelBox","baseClassName":null,"id":40,"frames":[{"objects":[{"name":null,"type":0,"depth":1,"symbol":26,"clipDepth":0,"id":0,"matrix":[1,0,0,1,0,0]},{"name":"LIFE","type":0,"depth":2,"symbol":27,"clipDepth":0,"id":1,"matrix":[1.00044250488281,0,0,0.999435424804688,2980,3162]},{"name":"MAGIC","type":0,"depth":3,"symbol":28,"clipDepth":0,"id":2,"matrix":[1.00044250488281,0,0,0.999435424804688,2980,3615]},{"name":"REGENERATION","type":0,"depth":4,"symbol":29,"clipDepth":0,"id":3,"matrix":[1.00044250488281,0,0,0.999435424804688,2980,4068]},{"name":"lifeDT","type":0,"depth":5,"symbol":30,"clipDepth":0,"id":4,"matrix":[1,0,0,1.0032958984375,2100,3162]},{"name":"magicDT","type":0,"depth":6,"symbol":31,"clipDepth":0,"id":5,"matrix":[1,0,0,1.0032958984375,2100,3615]},{"name":"regenerationDT","type":0,"depth":7,"symbol":32,"clipDepth":0,"id":6,"matrix":[1.001220703125,0,0,1.0032958984375,2100,4068]},{"name":"levelDT","type":0,"depth":8,"symbol":33,"clipDepth":0,"id":7,"matrix":[1,0,0,1.0032958984375,2611,1777]},{"name":"exitButton","type":0,"depth":9,"symbol":37,"clipDepth":0,"id":8,"matrix":[0.916046142578125,0,0,1,2900,4660]},{"name":"dt","type":0,"depth":12,"symbol":38,"clipDepth":0,"id":9,"matrix":[1,0,0,0.999847412109375,600,1053]},{"name":"headDT","type":0,"depth":13,"symbol":39,"clipDepth":0,"id":10,"matrix":[1,0,0,0.999847412109375,1247,333]}]}]},{"type":5,"id":151,"frames":[{"objects":[{"type":0,"depth":0,"symbol":145,"clipDepth":0,"id":0,"visible":true,"matrix":[1,0,0,1,-1275,-315]},{"type":0,"depth":1,"symbol":144,"clipDepth":0,"id":1,"visible":true,"matrix":[1,0,0,1,-1275,-315]}]}]},{"selectable":false,"password":false,"color":16777215,"fontName":"Choco","rect":[-40,-40,5086,542],"type":2,"border":false,"leftMargin":0,"fontID":6,"id":39,"wordWrap":true,"leading":40,"indent":0,"multiline":true,"align":"center","rightMargin":0,"fontHeight":440,"input":false},{"type":5,"id":150,"frames":[{"objects":[{"type":0,"depth":0,"symbol":149,"clipDepth":0,"id":0,"visible":true,"matrix":[1,0,0,1,-1275,-295]}]}]},{"selectable":false,"html":false,"password":false,"color":-16777216,"fontName":"Choco","rect":[-40,-40,6100,708],"text":"ככככככככככככככככככככככ","type":2,"border":false,"leftMargin":0,"fontID":6,"id":38,"wordWrap":true,"leading":0,"indent":0,"multiline":true,"align":"center","rightMargin":0,"fontHeight":400,"input":false},{"path":"symbols/149.jpg","type":0,"id":149,"smooth":false,"alpha":"symbols/149a.png"},{"type":5,"className":"general_fla.button_small_35","baseClassName":null,"id":37,"frames":[{"labels":["up"],"scriptSource":"\nthis.stop();","objects":[{"name":null,"type":0,"depth":1,"symbol":34,"clipDepth":0,"id":1,"matrix":[1,0,0,1,0,0]},{"name":null,"type":0,"depth":2,"symbol":36,"clipDepth":0,"id":2,"filters":[[3,16777164,1,7,7,1,2,false,false]],"matrix":[0.512344360351563,0,0,0.516006469726563,300,60]}]},{"labels":["rollover"],"objects":[{"name":null,"type":1,"depth":2,"symbol":36,"clipDepth":0,"id":2,"filters":[[3,16777164,1,30,14,1.8984375,2,false,false]]}]}]},{"type":5,"id":148,"frames":[{"objects":[{"type":0,"depth":0,"symbol":147,"clipDepth":0,"id":0,"visible":true,"matrix":[1,0,0,1,-1275,-275]}]}]},{"type":5,"id":36,"frames":[{"objects":[{"name":null,"type":0,"depth":1,"symbol":35,"clipDepth":0,"id":0,"matrix":[1,0,0,1,308,40]}]}]},{"path":"symbols/147.jpg","type":0,"id":147,"smooth":false,"alpha":"symbols/147a.png"},{"type":6,"id":35,"records":[{"color":-1,"offset":[0,520],"fontID":6,"glyphs":[153,134,154,138,129],"fontHeight":740,"advances":[423,188,519,180,464]}],"matrix":[1,0,0,1,-268,0]},{"type":5,"id":146,"frames":[{"objects":[{"type":0,"depth":0,"symbol":145,"clipDepth":0,"id":0,"visible":true,"matrix":[1,0,0,1,-1275,-320]},{"type":0,"depth":1,"symbol":144,"clipDepth":0,"id":1,"visible":true,"matrix":[1,0,0,1,-1275,-340]}]}]},{"type":4,"id":34,"commands":[3,5,1,734012,1,8,0,120,4,0,0,120,0,7,1480,0,4,1600,0,1600,120,7,1600,360,4,1600,480,1480,480,7,120,480,4,0,480,0,360,7,0,120,5,6,0.75,16770710,1,true,2,1,2,3,8,0,120,7,0,360,4,0,480,120,480,7,1480,480,4,1600,480,1600,360,7,1600,120,4,1600,0,1480,0,7,120,0,4,0,0,0,120]},{"path":"symbols/145.jpg","type":0,"id":145,"smooth":false,"alpha":"symbols/145a.png"},{"selectable":false,"html":false,"password":false,"color":-1,"fontName":"Choco","rect":[201,-40,1619,1298],"text":"20","type":2,"border":false,"leftMargin":0,"fontID":6,"id":33,"wordWrap":false,"leading":40,"indent":0,"multiline":false,"align":"center","rightMargin":0,"fontHeight":1060,"input":false},{"path":"symbols/144.jpg","type":0,"id":144,"smooth":false,"alpha":"symbols/144a.png"},{"selectable":false,"html":false,"password":false,"color":-134202,"fontName":"Choco","rect":[-40,-40,839,586],"text":"22","type":2,"border":false,"leftMargin":0,"fontID":6,"id":32,"wordWrap":false,"leading":40,"indent":0,"multiline":false,"align":"center","rightMargin":0,"fontHeight":480,"input":false},{"type":5,"id":143,"frames":[{"objects":[{"type":0,"depth":0,"symbol":142,"clipDepth":0,"id":0,"visible":true,"matrix":[1,0,0,1,-1275,-235]}]}]},{"selectable":true,"html":false,"password":false,"color":-134202,"fontName":"Choco","rect":[-40,-40,840,586],"text":"32","type":2,"border":false,"leftMargin":0,"fontID":6,"id":31,"wordWrap":false,"leading":40,"indent":0,"multiline":false,"align":"center","rightMargin":0,"fontHeight":480,"input":false},{"path":"symbols/142.jpg","type":0,"id":142,"smooth":false,"alpha":"symbols/142a.png"},{"selectable":false,"html":false,"password":false,"color":-134202,"fontName":"Choco","rect":[-40,-40,840,586],"text":"33","type":2,"border":false,"leftMargin":0,"fontID":6,"id":30,"wordWrap":false,"leading":40,"indent":0,"multiline":false,"align":"center","rightMargin":0,"fontHeight":480,"input":false},{"type":5,"id":141,"frames":[{"objects":[{"name":null,"type":0,"depth":1,"symbol":134,"clipDepth":0,"id":0,"matrix":[1,0,0,1,0,0]}]},{},{},{},{"objects":[{"name":null,"type":0,"depth":1,"symbol":136,"clipDepth":0,"id":5,"matrix":[1,0,0,1,0,0]},{"type":2,"id":0}]},{},{},{},{"objects":[{"name":null,"type":0,"depth":1,"symbol":138,"clipDepth":0,"id":10,"matrix":[1,0,0,1,0,0]},{"type":2,"id":5}]},{},{},{},{"objects":[{"name":null,"type":0,"depth":1,"symbol":140,"clipDepth":0,"id":15,"matrix":[1,0,0,1,0,0]},{"type":2,"id":10}]},{},{},{},{"objects":[{"name":null,"type":0,"depth":1,"symbol":138,"clipDepth":0,"id":20,"matrix":[1,0,0,1,0,0]},{"type":2,"id":15}]},{},{},{},{"objects":[{"name":null,"type":0,"depth":1,"symbol":136,"clipDepth":0,"id":25,"matrix":[1,0,0,1,0,0]},{"type":2,"id":20}]},{},{}]},{"selectable":false,"html":false,"password":false,"color":-3826106,"fontName":"Choco","rect":[-40,-40,2259,587],"text":"םסק שודיח","type":2,"border":false,"leftMargin":0,"fontID":6,"id":29,"wordWrap":false,"leading":40,"indent":0,"multiline":false,"align":"right","rightMargin":0,"fontHeight":480,"input":false},{"type":5,"id":140,"frames":[{"objects":[{"type":0,"depth":0,"symbol":139,"clipDepth":0,"id":0,"visible":true,"matrix":[1,0,0,1,-1275,-305]}]}]},{"selectable":false,"html":false,"password":false,"color":-3826106,"fontName":"Choco","rect":[-40,-40,2259,587],"text":"םסק תודוקנ","type":2,"border":false,"leftMargin":0,"fontID":6,"id":28,"wordWrap":false,"leading":40,"indent":0,"multiline":false,"align":"right","rightMargin":0,"fontHeight":480,"input":false},{"path":"symbols/139.jpg","type":0,"id":139,"smooth":false,"alpha":"symbols/139a.png"},{"selectable":false,"html":false,"password":false,"color":-3826106,"fontName":"Choco","rect":[-40,-40,2259,588],"text":"היגרנא","type":2,"border":false,"leftMargin":0,"fontID":6,"id":27,"wordWrap":false,"leading":40,"indent":0,"multiline":false,"align":"right","rightMargin":0,"fontHeight":480,"input":false},{"type":5,"id":138,"frames":[{"objects":[{"type":0,"depth":0,"symbol":137,"clipDepth":0,"id":0,"visible":true,"matrix":[1,0,0,1,-1275,-285]}]}]},{"type":5,"id":26,"frames":[{"objects":[{"type":0,"depth":0,"symbol":25,"clipDepth":0,"id":0,"visible":true,"matrix":[0.999723052978516,0,0,0.999663543701172,-62,-592]}]}]},{"path":"symbols/137.jpg","type":0,"id":137,"smooth":false,"alpha":"symbols/137a.png"},{"path":"symbols/25.jpg","type":0,"id":25,"smooth":false,"alpha":"symbols/25a.png"},{"type":5,"id":136,"frames":[{"objects":[{"type":0,"depth":0,"symbol":135,"clipDepth":0,"id":0,"visible":true,"matrix":[1,0,0,1,-1275,-320]}]}]},{"type":5,"className":"skipButton","baseClassName":null,"id":24,"frames":[{"labels":["up"],"scriptSource":"\nthis.stop();","objects":[{"name":null,"type":0,"depth":2,"symbol":21,"clipDepth":0,"id":1,"matrix":[1,0,0,1,0,0]},{"name":null,"type":0,"depth":3,"symbol":23,"clipDepth":0,"id":2,"filters":[[3,16777164,1,7,7,1,2,false,false]],"matrix":[1.0025634765625,0,0,1,720,540]}]},{"labels":["rollover"],"objects":[{"name":null,"type":1,"depth":3,"symbol":23,"clipDepth":0,"id":2,"filters":[[3,16777164,1,40,16,1.796875,2,false,false]]}]}]},{"path":"symbols/135.jpg","type":0,"id":135,"smooth":false,"alpha":"symbols/135a.png"},{"type":5,"id":23,"frames":[{"objects":[{"name":null,"type":0,"depth":1,"symbol":22,"clipDepth":0,"id":0,"matrix":[1,0,0,1,-240,40]}]}]},{"type":5,"id":134,"frames":[{"objects":[{"type":0,"depth":0,"symbol":133,"clipDepth":0,"id":0,"visible":true,"matrix":[1,0,0,1,-1275,-240]}]}]},{"type":6,"id":22,"records":[{"color":-1,"offset":[0,420],"fontID":6,"glyphs":[131,141,132],"fontHeight":600,"advances":[244,280,358]}],"matrix":[1,0,0,1,280,0]},{"path":"symbols/133.jpg","type":0,"id":133,"smooth":false,"alpha":"symbols/133a.png"},{"type":4,"id":21,"commands":[3,5,1,734012,1,8,0,1280,7,0,620,4,0,380,240,380,7,2101,380,4,2400,380,2400,679,7,2400,1280,7,0,1280,5,6,2,16378805,1,true,2,1,2,3,8,0,1280,7,2400,1280,7,2400,679,4,2400,380,2101,380,7,240,380,4,0,380,0,620,7,0,1280,3,5,2,0,[16777215,16777215],[0.501960784313725,0.101960784313725],[0,255],[0,0.0091552734375,-0.0095977783203125,0,1307,657],0,1,0,8,2265,705,4,2230,740,2180,740,7,220,740,4,170,740,135,705,4,100,670,100,620,4,100,570,135,535,4,170,500,220,500,7,2180,500,4,2230,500,2265,535,4,2300,570,2300,620,4,2300,670,2265,705,5]},{"type":5,"id":132,"frames":[{"objects":[{"name":null,"type":0,"depth":1,"symbol":125,"clipDepth":0,"id":0,"matrix":[1,0,0,1,0,0]}]},{},{},{},{"objects":[{"name":null,"type":0,"depth":1,"symbol":127,"clipDepth":0,"id":5,"matrix":[1,0,0,1,0,0]},{"type":2,"id":0}]},{},{},{},{"objects":[{"name":null,"type":0,"depth":1,"symbol":129,"clipDepth":0,"id":10,"matrix":[1,0,0,1,0,0]},{"type":2,"id":5}]},{},{},{},{"objects":[{"name":null,"type":0,"depth":1,"symbol":131,"clipDepth":0,"id":15,"matrix":[1,0,0,1,0,0]},{"type":2,"id":10}]},{},{},{},{"objects":[{"name":null,"type":0,"depth":1,"symbol":129,"clipDepth":0,"id":20,"matrix":[1,0,0,1,0,0]},{"type":2,"id":15}]},{},{},{},{"objects":[{"name":null,"type":0,"depth":1,"symbol":127,"clipDepth":0,"id":25,"matrix":[1,0,0,1,0,0]},{"type":2,"id":20}]},{},{},{}]},{"type":5,"className":"prizeIcon","baseClassName":null,"id":20,"frames":[{"objects":[{"name":"DT","type":0,"depth":1,"symbol":7,"clipDepth":0,"id":0,"matrix":[1,0,0,1,-785,229]},{"name":"iconMC","type":0,"depth":2,"symbol":18,"clipDepth":0,"id":1,"matrix":[1,0,0,1,730,170]},{"name":null,"type":0,"depth":4,"symbol":19,"clipDepth":0,"id":2,"matrix":[1,0,0,1,0,0]}]}]},{"type":5,"id":131,"frames":[{"objects":[{"type":0,"depth":0,"symbol":130,"clipDepth":0,"id":0,"visible":true,"matrix":[1,0,0,1,-1275,-310]}]}]},{"type":4,"id":19,"commands":[6,1,0,1,false,2,1,2,3,8,665,460,7,597,399,7,535,450,8,555,360,7,597,399,7,655,350]},{"path":"symbols/130.jpg","type":0,"id":130,"smooth":false,"alpha":"symbols/130a.png"},{"type":5,"className":"general_fla.prizePic_31","baseClassName":null,"id":18,"frames":[{"scriptSource":"\nthis.stop();","objects":[{"name":null,"type":0,"depth":1,"symbol":9,"clipDepth":0,"id":0,"matrix":[1,0,0,1,0,0]}]},{"objects":[{"name":null,"type":0,"depth":1,"symbol":11,"clipDepth":0,"id":2,"matrix":[1,0,0,1,0,0]},{"type":2,"id":0}]},{"objects":[{"name":null,"type":0,"depth":1,"symbol":13,"clipDepth":0,"id":4,"matrix":[1,0,0,1,0,0]},{"type":2,"id":2}]},{"objects":[{"name":null,"type":0,"depth":1,"symbol":15,"clipDepth":0,"id":6,"matrix":[1,0,0,1,0,0]},{"type":2,"id":4}]},{"objects":[{"name":null,"type":0,"depth":1,"symbol":17,"clipDepth":0,"id":8,"matrix":[1,0,0,1,0,0]},{"type":2,"id":6}]}]},{"type":5,"id":129,"frames":[{"objects":[{"type":0,"depth":0,"symbol":128,"clipDepth":0,"id":0,"visible":true,"matrix":[1,0,0,1,-1275,-285]}]}]},{"type":5,"id":17,"frames":[{"objects":[{"type":0,"depth":0,"symbol":16,"clipDepth":0,"id":0,"visible":true,"matrix":[1,0,0,1,0,20]}]}]},{"path":"symbols/128.jpg","type":0,"id":128,"smooth":false,"alpha":"symbols/128a.png"},{"path":"symbols/16.jpg","type":0,"id":16,"smooth":false,"alpha":"symbols/16a.png"},{"type":5,"id":127,"frames":[{"objects":[{"type":0,"depth":0,"symbol":126,"clipDepth":0,"id":0,"visible":true,"matrix":[1,0,0,1,-1275,-325]}]}]},{"type":5,"id":15,"frames":[{"objects":[{"type":0,"depth":0,"symbol":14,"clipDepth":0,"id":0,"visible":true,"matrix":[1,0,0,1,0,0]}]}]},{"path":"symbols/126.jpg","type":0,"id":126,"smooth":false,"alpha":"symbols/126a.png"},{"path":"symbols/14.jpg","type":0,"id":14,"smooth":false,"alpha":"symbols/14a.png"},{"type":5,"id":125,"frames":[{"objects":[{"type":0,"depth":0,"symbol":124,"clipDepth":0,"id":0,"visible":true,"matrix":[1,0,0,1,-1275,-325]}]}]},{"type":5,"id":13,"frames":[{"objects":[{"type":0,"depth":0,"symbol":12,"clipDepth":0,"id":0,"visible":true,"matrix":[1,0,0,1,0,0]}]}]},{"path":"symbols/124.jpg","type":0,"id":124,"smooth":false,"alpha":"symbols/124a.png"},{"path":"symbols/12.jpg","type":0,"id":12,"smooth":false,"alpha":"symbols/12a.png"},{"type":5,"id":123,"frames":[{"objects":[{"name":null,"type":0,"depth":1,"symbol":122,"clipDepth":0,"id":0,"matrix":[1,0,0,1,0,0]}]}]},{"type":5,"id":11,"frames":[{"objects":[{"type":0,"depth":0,"symbol":10,"clipDepth":0,"id":0,"visible":true,"matrix":[1,0,0,1,0,0]}]}]},{"type":4,"id":122,"commands":[3,5,1,4011559,1,8,70,-616,7,70,-631,4,306,-627,419,-500,7,430,-496,7,428,-488,7,385,-481,7,376,-478,4,365,-456,340,-451,7,340,-436,7,336,-425,7,310,-406,7,306,-417,7,295,-421,7,295,-436,4,372,-468,334,-538,7,325,-541,4,318,-541,316,-544,4,305,-566,265,-556,7,262,-565,7,205,-586,7,203,-594,7,145,-601,4,138,-601,135,-605,4,118,-626,70,-616,5,1,4207645,1,8,25,-616,7,40,-616,7,42,-601,4,50,-561,25,-556,7,25,-541,7,25,-526,4,25,-496,32,-468,7,40,-466,4,34,-377,145,-399,7,145,-391,7,130,-391,7,70,-391,7,70,-376,7,55,-376,7,-20,-376,7,-18,-384,4,38,-399,-20,-406,7,-20,-421,7,-5,-421,4,25,-532,18,-616,7,25,-616,5,1,7037256,1,8,40,-616,7,55,-616,7,70,-616,4,118,-626,135,-605,4,138,-601,145,-601,7,144,-586,4,138,-556,115,-541,7,115,-451,7,115,-436,7,108,-437,4,100,-554,25,-526,7,25,-541,7,25,-556,4,50,-561,42,-601,7,40,-616,5,1,7563599,1,8,-5,-646,7,21,-627,7,25,-616,7,18,-616,4,25,-532,-5,-421,7,-5,-436,7,-5,-451,7,-5,-459,4,-91,-445,-95,-481,7,-95,-496,7,-95,-511,7,-91,-521,4,-27,-564,-155,-601,4,-80,-616,-7,-638,7,-5,-646,5,1,6379069,1,8,145,-601,7,203,-594,7,205,-586,7,190,-586,4,201,-529,226,-484,4,228,-481,235,-481,4,335,-477,326,-526,7,325,-541,7,334,-538,4,372,-468,295,-436,7,295,-421,7,291,-410,7,280,-406,7,280,-421,4,282,-446,250,-436,7,249,-444,4,197,-452,160,-436,7,145,-436,7,115,-436,7,115,-451,7,115,-541,4,138,-556,144,-586,7,145,-601,5,1,8353116,1,8,205,-586,7,262,-565,7,265,-556,7,264,-541,4,260,-516,235,-511,7,235,-496,7,235,-481,4,228,-481,226,-484,4,201,-529,190,-586,7,205,-586,5,1,7168843,1,8,265,-556,4,305,-566,316,-544,4,318,-541,325,-541,7,326,-526,4,335,-477,235,-481,7,235,-496,7,235,-511,4,260,-516,264,-541,7,265,-556,5,1,6774084,1,8,340,-436,7,340,-451,4,365,-456,376,-478,7,385,-481,7,486,-358,7,490,-346,7,491,-331,4,503,-273,445,-286,4,438,-286,434,-290,4,430,-294,430,-301,4,430,-309,433,-311,4,495,-350,370,-406,7,371,-421,4,372,-445,340,-436,5,1,2168582,1,8,295,-421,7,306,-417,7,310,-406,4,310,-399,306,-395,7,265,-346,4,256,-314,278,-309,7,280,-301,7,288,-271,7,280,-271,7,268,-275,4,210,-328,130,-361,4,123,-361,121,-364,4,110,-386,70,-376,7,70,-391,7,130,-391,7,145,-391,7,160,-391,7,177,-379,7,190,-376,4,242,-307,277,-392,7,280,-406,7,291,-410,7,295,-421,5,1,7825740,1,8,310,-406,7,336,-425,7,340,-436,4,372,-445,371,-421,7,370,-406,7,355,-406,7,340,-406,4,360,-336,356,-316,7,355,-301,7,342,-305,4,324,-316,295,-316,7,295,-301,7,280,-301,7,278,-309,4,256,-314,265,-346,7,306,-395,4,310,-399,310,-406,5,1,8944991,1,8,355,-301,7,356,-316,4,360,-336,340,-406,7,355,-406,7,370,-406,4,495,-350,433,-311,4,430,-309,430,-301,7,415,-301,7,400,-301,7,385,-301,7,355,-301,5,1,8746840,1,8,160,-436,4,197,-452,249,-444,7,250,-436,7,247,-427,4,208,-410,190,-376,7,177,-379,7,160,-391,7,168,-391,4,168,-406,160,-421,7,160,-436,5,1,6839102,1,8,250,-436,4,282,-446,280,-421,7,280,-406,7,277,-392,4,242,-307,190,-376,4,208,-410,247,-427,7,250,-436,5,1,2169354,1,8,70,-376,4,110,-386,121,-364,4,123,-361,130,-361,4,210,-328,268,-275,7,280,-271,4,315,-230,332,-168,7,340,-166,4,371,-100,384,-16,7,385,-1,7,381,10,7,370,14,4,389,47,378,104,7,385,104,7,382,117,7,340,193,7,336,205,7,250,283,7,254,295,7,265,298,7,262,307,7,235,313,7,235,306,4,182,313,160,358,7,160,373,7,150,377,4,134,399,100,403,7,100,388,7,108,388,4,21,367,-50,373,7,-50,388,7,-58,386,4,-72,350,-125,358,7,-138,355,4,-156,344,-185,343,4,-185,336,-188,334,4,-223,313,-260,298,7,-262,284,4,-267,268,-275,253,7,-260,253,4,-260,246,-263,243,4,-323,197,-335,104,7,-343,102,7,-365,-16,7,-364,-31,4,-354,-87,-380,-106,7,-380,-91,7,-380,-76,7,-395,-76,7,-395,-91,7,-395,-106,7,-395,-136,4,-387,-136,-384,-140,4,-380,-144,-380,-151,7,-365,-151,4,-327,-121,-313,-195,7,-305,-196,7,-305,-211,4,-264,-283,-184,-314,7,-170,-316,7,-173,-330,7,-185,-346,7,-185,-361,7,-158,-367,4,-155,-369,-155,-376,4,-111,-407,-35,-406,7,-20,-406,4,38,-399,-18,-384,7,-20,-376,7,55,-376,7,70,-376,8,-335,-121,4,-309,-91,-307,-62,4,-305,6,-296,-29,4,-265,-163,-335,-121,8,-243,174,7,-238,176,7,-260,163,7,-243,174,5,1,3219464,1,8,280,-271,7,288,-271,7,280,-301,7,295,-301,4,356,-287,369,-226,7,370,-211,7,355,-211,7,340,-211,4,374,-179,354,-169,7,340,-166,7,332,-168,4,315,-230,280,-271,8,385,-1,4,409,0,402,-32,7,400,-46,4,444,-53,432,-1,7,430,14,4,434,39,460,43,7,475,44,7,565,44,7,580,44,7,580,59,7,565,59,7,550,59,7,535,59,7,415,59,7,415,74,7,417,88,4,425,129,400,133,7,397,120,7,385,104,7,378,104,4,389,47,370,14,7,381,10,7,385,-1,5,1,11312508,1,8,295,-301,7,295,-316,4,324,-316,342,-305,7,355,-301,7,385,-301,7,400,-301,7,401,-286,4,411,-223,385,-196,4,378,-196,374,-200,4,370,-204,370,-211,7,369,-226,4,356,-287,295,-301,5,1,8747354,1,8,400,-301,7,415,-301,7,430,-301,4,430,-294,434,-290,4,438,-286,445,-286,7,445,-271,4,442,-224,472,-206,7,475,-196,7,463,-193,4,438,-173,400,-166,7,397,-180,7,385,-196,4,411,-223,401,-286,7,400,-301,5,1,9931115,1,8,25,-526,4,100,-554,108,-437,7,115,-436,7,145,-436,7,160,-436,7,160,-421,7,145,-422,4,60,-434,40,-511,7,40,-481,7,40,-466,7,32,-468,4,25,-496,25,-526,5,1,13088662,1,8,160,-421,4,168,-406,168,-391,7,160,-391,7,145,-391,7,145,-399,4,34,-377,40,-466,7,40,-481,7,40,-511,4,60,-434,145,-422,7,160,-421,5,1,1576960,1,8,370,-211,4,370,-204,374,-200,4,378,-196,385,-196,7,397,-180,7,400,-166,7,400,-151,7,400,-136,7,400,-121,7,400,-61,7,400,-46,7,402,-32,4,409,0,385,-1,7,384,-16,4,371,-100,340,-166,7,354,-169,4,374,-179,340,-211,7,355,-211,7,370,-211,5,1,4208156,1,8,400,-166,4,438,-173,463,-193,7,475,-196,7,520,-196,7,535,-196,7,550,-196,7,550,-181,7,547,-172,7,520,-166,7,505,-166,7,490,-166,7,476,-164,7,400,-136,7,400,-151,7,400,-166,5,1,13286041,1,8,400,-46,7,400,-61,7,400,-121,4,438,-79,478,-117,7,475,-76,7,473,-62,4,455,-5,430,14,7,432,-1,4,444,-53,400,-46,5,1,11444609,1,8,400,-136,7,476,-164,7,490,-166,7,494,-156,4,562,-97,475,-76,7,478,-117,4,438,-79,400,-121,7,400,-136,5,1,8090462,1,8,430,-496,7,456,-477,7,460,-466,7,445,-466,7,531,-358,7,535,-346,7,535,-331,4,536,-295,490,-346,7,486,-358,7,385,-481,7,428,-488,7,430,-496,5,1,2564631,1,8,460,-466,4,566,-384,622,-255,7,625,-241,4,710,-4,627,239,7,625,253,7,610,252,4,585,249,595,208,4,619,210,612,178,7,610,163,7,619,160,4,653,95,610,44,7,621,40,7,625,29,7,633,27,4,657,-101,610,-166,7,608,-174,7,550,-181,7,550,-196,7,561,-200,4,615,-266,535,-346,7,531,-358,7,445,-466,7,460,-466,5,1,6379585,1,8,445,-271,7,445,-286,4,503,-273,491,-331,7,490,-346,4,536,-295,535,-331,7,535,-346,4,615,-266,561,-200,7,550,-196,7,535,-196,7,539,-207,4,590,-257,445,-271,5,1,9997165,1,8,490,-166,7,505,-166,7,520,-166,4,520,-159,523,-157,4,592,-123,505,-61,4,530,-18,561,17,7,565,29,7,550,29,7,475,29,7,475,44,7,460,43,4,434,39,430,14,4,455,-5,473,-62,7,475,-76,4,562,-97,494,-156,7,490,-166,5,1,8484443,1,8,520,-166,7,547,-172,7,550,-181,7,608,-174,7,610,-166,7,610,-136,7,610,-121,7,602,-120,4,592,-35,565,29,7,561,17,4,530,-18,505,-61,4,592,-123,523,-157,4,520,-159,520,-166,5,1,7892561,1,8,475,-196,7,472,-206,4,442,-224,445,-271,4,590,-257,539,-207,7,535,-196,7,520,-196,7,475,-196,5,1,4406056,1,8,610,-121,7,610,-136,7,610,-166,4,657,-101,633,27,7,625,29,7,622,15,4,601,-37,610,-121,5,1,6576706,1,8,565,29,4,592,-35,602,-120,7,610,-121,4,601,-37,622,15,7,625,29,7,621,40,7,610,44,7,595,44,7,580,44,7,565,44,7,475,44,7,475,29,7,550,29,7,565,29,5,1,4537384,1,8,610,163,7,609,149,4,602,104,565,89,7,577,72,7,580,59,7,580,44,7,595,44,7,610,44,4,653,95,619,160,7,610,163,5,1,6905670,1,8,580,59,7,577,72,7,565,89,4,602,104,609,149,7,610,163,7,597,160,7,520,163,7,520,148,4,539,115,548,73,7,550,59,7,565,59,7,580,59,5,1,6444864,1,8,625,253,7,621,265,7,610,268,7,610,283,7,606,295,7,595,298,7,595,283,4,549,345,530,295,7,517,258,4,464,334,370,253,7,370,238,7,370,223,4,403,148,464,205,7,475,208,4,516,212,519,178,7,520,163,7,597,160,7,610,163,7,612,178,4,619,210,595,208,4,585,249,610,252,7,625,253,5,1,8418135,1,8,550,59,7,548,73,4,539,115,520,148,7,520,163,7,519,178,4,516,212,475,208,4,464,167,470,161,4,568,82,415,74,7,415,59,7,535,59,7,550,59,5,1,10325614,1,8,400,133,4,425,129,417,88,7,415,74,4,568,82,470,161,4,464,167,475,208,7,464,205,4,403,148,370,223,7,370,208,7,370,178,7,397,146,7,400,133,5,1,4931627,1,8,400,523,7,400,538,7,385,538,7,385,531,7,280,523,7,294,520,4,438,448,250,463,7,239,460,7,220,433,4,249,380,291,339,7,295,328,4,362,391,385,351,7,396,364,4,431,404,445,328,7,455,332,4,500,400,400,493,7,400,508,7,400,523,5,1,3090456,1,8,595,298,7,592,311,4,516,436,400,523,7,400,508,7,400,493,4,500,400,455,332,7,445,328,7,433,325,7,370,268,7,370,253,4,464,334,517,258,7,530,295,4,549,345,595,283,7,595,298,5,1,6773055,1,8,445,328,4,431,404,396,364,7,385,351,4,362,391,295,328,4,295,321,298,319,4,330,298,295,283,7,295,268,4,325,242,357,265,7,370,268,7,433,325,7,445,328,5,1,2233859,1,8,370,223,7,370,238,7,370,253,7,370,268,7,357,265,4,325,242,295,268,7,295,283,7,282,286,7,265,298,7,254,295,7,250,283,7,336,205,7,340,193,7,382,117,7,385,104,7,397,120,7,400,133,7,397,146,7,370,178,7,370,208,7,370,223,5,1,8613715,1,8,100,388,7,100,403,7,96,415,7,70,433,7,70,448,7,55,448,7,-20,448,7,-20,433,7,-20,403,4,17,380,85,388,7,100,388,5,1,2364933,1,8,100,388,7,85,388,4,17,380,-20,403,7,-20,433,7,-20,448,7,-18,463,4,-11,503,-50,493,7,-50,478,7,-50,388,7,-50,373,4,21,367,108,388,7,100,388,5,1,5654318,1,8,70,448,7,70,433,7,96,415,7,100,403,4,134,399,150,377,7,160,373,7,217,495,7,220,508,4,177,486,153,437,4,181,512,85,478,7,70,480,4,30,488,25,463,7,68,457,7,70,448,5,1,6246456,1,8,-20,448,7,55,448,7,70,448,7,68,457,7,25,463,4,30,488,70,480,7,85,478,4,112,573,31,539,4,-34,513,-50,568,7,-50,553,7,-50,493,4,-11,503,-18,463,7,-20,448,5,1,4339750,1,8,160,628,7,159,636,7,-35,628,7,-31,618,4,5,588,-50,583,7,-50,568,4,-34,513,31,539,4,112,573,85,478,4,181,512,153,437,4,177,486,220,508,7,230,512,4,289,601,130,613,7,147,625,7,160,628,5,1,2958097,1,8,385,538,7,372,541,4,315,574,250,598,7,250,613,7,236,615,7,160,628,7,147,625,7,130,613,4,289,601,230,512,7,220,508,7,217,495,7,160,373,7,160,358,4,182,313,235,306,7,235,313,7,231,325,7,190,358,4,197,397,216,421,7,220,433,7,239,460,7,250,463,7,271,520,7,280,523,7,385,531,7,385,538,5,1,7890764,1,8,295,328,7,291,339,4,249,380,220,433,7,216,421,4,197,397,190,358,7,231,325,7,235,313,7,262,307,7,265,298,7,282,286,7,295,283,4,330,298,298,319,4,295,321,295,328,5,1,4207907,1,8,250,463,4,438,448,294,520,7,280,523,7,271,520,7,250,463,5,1,5195829,1,8,-380,-496,7,-380,-511,7,-273,-568,7,-260,-571,7,-258,-556,4,-249,-508,-275,-496,4,-273,-520,-288,-499,7,-290,-496,7,-305,-496,7,-304,-485,4,-331,-471,-380,-496,5,1,7892563,1,8,-290,-496,7,-288,-499,4,-273,-520,-275,-496,7,-290,-496,8,-304,-485,7,-299,-469,7,-290,-466,7,-288,-452,4,-250,-340,-320,-391,7,-320,-376,7,-320,-361,7,-333,-364,4,-388,-398,-380,-496,4,-331,-471,-304,-485,5,1,8221272,1,8,-290,-496,7,-275,-496,4,-249,-508,-258,-556,7,-260,-571,4,-147,-575,-105,-515,4,-102,-511,-95,-511,7,-95,-496,7,-95,-481,7,-109,-479,4,-146,-465,-215,-481,7,-215,-466,7,-215,-451,7,-224,-448,4,-237,-422,-290,-481,7,-290,-466,7,-299,-469,7,-304,-485,7,-305,-496,7,-290,-496,5,1,5195315,1,8,-260,-571,7,-260,-586,4,-147,-623,-20,-645,7,-5,-646,7,-7,-638,4,-80,-616,-155,-601,4,-27,-564,-91,-521,7,-95,-511,4,-102,-511,-105,-515,4,-147,-575,-260,-571,5,1,4406055,1,8,-455,-436,7,-455,-451,4,-399,-447,-388,-494,7,-380,-496,4,-388,-398,-333,-364,7,-320,-361,7,-308,-345,7,-305,-331,7,-320,-331,7,-320,-316,7,-320,-301,4,-327,-301,-328,-304,4,-354,-372,-410,-406,7,-412,-414,7,-455,-421,7,-455,-436,5,1,2761752,1,8,-605,-181,7,-605,-196,4,-580,-223,-575,-271,7,-575,-286,4,-560,-309,-548,-333,4,-545,-339,-545,-346,7,-537,-346,7,-548,-348,4,-477,-412,-464,-433,7,-455,-436,7,-455,-421,7,-459,-409,7,-530,-316,7,-530,-301,7,-537,-300,4,-545,-241,-575,-211,7,-575,-196,7,-575,-181,7,-579,-170,4,-582,-166,-590,-166,7,-594,-178,7,-605,-181,5,1,6971205,1,8,-455,-421,7,-412,-414,7,-410,-406,7,-408,-391,4,-399,-343,-425,-331,4,-411,-204,-389,-154,7,-380,-151,4,-380,-144,-384,-140,4,-387,-136,-395,-136,7,-395,-106,7,-395,-91,7,-402,-91,4,-403,-135,-455,-121,7,-463,-123,4,-470,-152,-470,-181,4,-445,-179,-453,-212,7,-455,-226,7,-457,-241,4,-485,-339,-515,-166,7,-514,-181,4,-510,-253,-530,-301,7,-530,-316,7,-459,-409,7,-455,-421,5,1,9404770,1,8,-410,-406,4,-354,-372,-328,-304,4,-327,-301,-320,-301,7,-318,-287,4,-302,-223,-365,-166,7,-365,-151,7,-380,-151,7,-389,-154,4,-411,-204,-425,-331,4,-399,-343,-408,-391,7,-410,-406,5,1,5392173,1,8,-530,-301,4,-510,-253,-514,-181,7,-515,-166,7,-515,-151,7,-530,-151,7,-530,-136,7,-530,-121,7,-540,-125,7,-575,-181,7,-575,-196,7,-575,-211,4,-545,-241,-537,-300,7,-530,-301,5,1,854792,1,8,-620,-106,7,-622,-106,7,-623,-106,7,-612,-129,7,-605,-151,7,-605,-181,7,-594,-178,7,-590,-166,7,-590,-121,7,-590,-106,7,-605,-106,7,-618,-106,7,-620,-106,5,1,4537122,1,8,-620,74,7,-621,59,7,-635,-76,4,-627,-76,-624,-80,7,-620,-91,7,-620,-102,7,-620,-106,7,-618,-106,7,-605,-106,7,-590,-106,4,-590,-99,-594,-95,4,-597,-91,-605,-91,7,-605,-61,7,-605,-46,4,-610,34,-592,89,7,-590,104,7,-597,104,4,-595,72,-620,74,5,1,9865580,1,8,-515,-166,4,-485,-339,-457,-241,7,-455,-226,7,-462,-225,4,-477,-124,-515,-121,7,-515,-136,7,-515,-151,7,-515,-166,5,1,8812117,1,8,-455,-226,7,-453,-212,4,-445,-179,-470,-181,4,-470,-152,-463,-123,7,-455,-121,7,-451,-108,4,-418,-56,-470,-31,7,-470,-16,7,-485,-16,7,-489,-28,4,-519,-57,-515,-121,4,-477,-124,-462,-225,7,-455,-226,5,1,6312753,1,8,-590,-106,7,-590,-121,7,-590,-166,4,-582,-166,-579,-170,7,-575,-181,7,-540,-125,7,-530,-121,7,-531,-107,4,-564,103,-605,-46,7,-605,-61,7,-605,-91,4,-597,-91,-594,-95,4,-590,-99,-590,-106,5,1,8022599,1,8,-530,-121,7,-530,-136,7,-530,-151,7,-515,-151,7,-515,-136,7,-515,-121,4,-519,-57,-489,-28,7,-485,-16,4,-485,-9,-489,-5,7,-515,14,7,-424,42,7,-410,44,7,-410,59,7,-425,59,7,-500,59,4,-510,90,-485,89,7,-470,89,7,-470,96,4,-560,77,-590,104,7,-592,89,4,-610,34,-605,-46,4,-564,103,-531,-107,7,-530,-121,5,1,9600858,1,8,-485,-16,7,-470,-16,4,-418,-36,-417,-30,4,-410,6,-410,44,7,-424,42,7,-515,14,7,-489,-5,4,-485,-9,-485,-16,5,1,11771769,1,8,-455,-121,4,-403,-135,-402,-91,7,-395,-91,7,-395,-76,7,-394,-61,4,-384,17,-410,59,7,-410,44,4,-410,6,-417,-30,4,-418,-36,-470,-16,7,-470,-31,4,-418,-56,-451,-108,7,-455,-121,5,1,12299146,1,8,-170,-406,4,-102,-436,-20,-450,7,-5,-451,7,-5,-436,7,-5,-421,7,-20,-421,7,-20,-406,7,-35,-406,4,-111,-407,-155,-376,7,-169,-375,4,-202,-367,-200,-391,7,-183,-403,7,-170,-406,5,1,9733992,1,8,-215,-451,7,-215,-466,7,-215,-481,4,-146,-465,-109,-479,7,-95,-481,4,-91,-445,-5,-459,7,-5,-451,7,-20,-450,4,-102,-436,-170,-406,7,-170,-414,4,-221,-407,-215,-451,5,1,10062699,1,8,-290,-466,7,-290,-481,4,-237,-422,-224,-448,7,-215,-451,4,-221,-407,-170,-414,7,-170,-406,7,-183,-403,7,-200,-391,4,-202,-367,-169,-375,7,-155,-376,4,-155,-369,-158,-367,7,-185,-361,7,-185,-346,4,-192,-346,-196,-342,4,-250,-280,-305,-331,7,-308,-345,7,-320,-361,7,-320,-376,7,-320,-391,4,-250,-340,-288,-452,7,-290,-466,5,1,2431749,1,8,-320,-301,7,-320,-316,7,-320,-331,7,-305,-331,4,-250,-280,-196,-342,4,-192,-346,-185,-346,7,-173,-330,7,-170,-316,7,-184,-314,4,-264,-283,-305,-211,7,-305,-196,7,-313,-195,4,-327,-121,-365,-151,7,-365,-166,4,-302,-223,-318,-287,7,-320,-301,5,1,3681042,1,8,-335,-121,4,-265,-163,-296,-29,4,-305,6,-307,-62,4,-309,-91,-335,-121,5,1,2562309,1,8,-425,89,4,-351,65,-378,-62,7,-380,-76,7,-380,-91,7,-380,-106,4,-354,-87,-364,-31,7,-365,-16,7,-343,102,7,-335,104,4,-323,197,-263,243,4,-260,246,-260,253,7,-275,253,7,-283,251,4,-307,188,-380,178,7,-380,163,7,-380,148,7,-370,145,4,-344,105,-425,89,5,1,10192738,1,8,-410,59,4,-384,17,-394,-61,7,-395,-76,7,-380,-76,7,-378,-62,4,-351,65,-425,89,7,-440,89,7,-470,89,7,-485,89,4,-510,90,-500,59,7,-425,59,7,-410,59,5,1,5654314,1,8,-425,89,4,-344,105,-370,145,7,-380,148,4,-380,141,-383,140,4,-448,110,-530,148,7,-530,163,7,-530,178,7,-534,190,4,-560,215,-575,163,7,-575,193,7,-575,208,7,-582,207,4,-590,156,-590,104,4,-560,77,-470,96,7,-470,89,7,-440,89,7,-425,89,5,1,9600604,1,8,-380,148,7,-380,163,7,-380,178,7,-392,175,4,-396,172,-455,148,7,-442,179,7,-440,193,7,-453,190,4,-480,173,-530,178,7,-530,163,7,-530,148,4,-448,110,-383,140,4,-380,141,-380,148,5,1,8482125,1,8,-380,178,4,-307,188,-283,251,7,-275,253,4,-267,268,-262,284,7,-260,298,7,-275,298,7,-275,313,7,-275,328,7,-288,331,7,-305,343,7,-320,343,7,-335,343,7,-337,335,4,-405,316,-410,238,4,-410,231,-413,230,4,-436,219,-440,193,7,-442,179,7,-455,148,4,-396,172,-392,175,7,-380,178,5,1,4600859,1,8,-243,174,7,-260,163,7,-238,176,7,-243,174,5,1,6705976,1,8,-275,328,7,-275,313,7,-275,298,7,-260,298,4,-223,313,-188,334,4,-185,336,-185,343,7,-200,343,7,-215,343,4,-203,468,-159,512,7,-155,523,7,-166,520,4,-230,447,-290,478,4,-290,471,-293,468,4,-325,445,-335,403,4,-262,363,-267,329,7,-275,328,5,1,4010011,1,8,-275,328,7,-267,329,4,-262,363,-335,403,4,-325,445,-293,468,4,-290,471,-290,478,7,-286,489,4,-219,542,-335,493,7,-335,508,7,-350,508,7,-349,493,4,-336,395,-395,433,7,-395,418,7,-395,403,4,-334,397,-308,356,4,-305,351,-305,343,7,-288,331,7,-275,328,5,1,5260077,1,8,-455,403,4,-373,367,-347,347,7,-335,343,7,-320,343,7,-305,343,4,-305,351,-308,356,4,-334,397,-395,403,7,-395,418,7,-395,433,7,-395,441,4,-443,444,-455,403,5,1,5852213,1,8,-410,238,4,-405,316,-337,335,7,-335,343,7,-347,347,4,-373,367,-455,403,7,-467,400,4,-516,359,-530,283,4,-420,327,-417,239,7,-410,238,5,1,1840137,1,8,-350,523,7,-363,520,7,-380,508,7,-391,493,7,-443,453,4,-517,398,-560,313,7,-548,297,7,-545,283,7,-530,283,4,-516,359,-467,400,7,-455,403,4,-443,444,-395,441,7,-395,433,4,-336,395,-349,493,7,-350,508,7,-350,523,5,1,4339234,1,8,-290,478,4,-230,447,-166,520,7,-155,523,7,-140,523,7,-140,538,7,-141,546,7,-230,553,7,-230,568,7,-244,566,4,-300,548,-335,508,7,-335,493,4,-219,542,-286,489,7,-290,478,5,1,9336663,1,8,-200,343,7,-185,343,4,-156,344,-138,355,7,-125,358,7,-124,373,4,-114,437,-155,448,4,-155,441,-158,439,4,-201,413,-200,343,5,1,8350800,1,8,-125,358,4,-72,350,-58,386,7,-50,388,7,-50,478,7,-50,493,7,-50,553,7,-50,568,7,-50,583,7,-61,579,4,-92,551,-140,538,7,-140,523,7,-137,510,4,-125,485,-155,448,4,-114,437,-124,373,7,-125,358,5,1,7758662,1,8,-155,523,7,-159,512,4,-203,468,-215,343,7,-200,343,4,-201,413,-158,439,4,-155,441,-155,448,4,-125,485,-137,510,7,-140,523,7,-155,523,5,1,1575938,1,8,-560,313,4,-560,306,-563,301,7,-575,285,7,-577,282,7,-590,268,4,-590,261,-593,255,7,-577,282,7,-604,226,7,-605,223,7,-607,209,4,-625,154,-620,74,4,-595,72,-597,104,7,-590,104,4,-590,156,-582,207,7,-575,208,4,-573,252,-549,273,7,-545,283,7,-548,297,7,-560,313,5,1,6904385,1,8,-410,238,7,-417,239,4,-420,327,-530,283,7,-545,283,7,-549,273,4,-573,252,-575,208,7,-575,193,7,-575,163,4,-560,215,-534,190,7,-530,178,4,-480,173,-453,190,7,-440,193,4,-436,219,-413,230,4,-410,231,-410,238,5,1,8416070,1,8,-590,268,7,-592,268,7,-597,262,7,-604,226,7,-577,282,7,-593,255,4,-590,261,-590,268,8,-662,238,7,-668,238,7,-668,223,7,-662,238,5,1,4931371,1,8,-50,583,7,-50,591,4,-152,595,-230,568,7,-230,553,7,-141,546,7,-140,538,4,-92,551,-61,579,7,-50,583,5,1,3023639,1,8,-35,628,7,-45,632,4,-60,653,-104,645,7,-110,643,7,-123,640,4,-209,592,-320,568,4,-320,561,-323,559,4,-346,549,-350,523,7,-350,508,7,-335,508,4,-300,548,-244,566,7,-230,568,4,-152,595,-50,591,7,-50,583,4,5,588,-31,618,7,-35,628,5,6,2,1576968,1,false,2,1,2,3,8,70,-616,7,70,-631,4,306,-627,419,-500,7,430,-496,7,456,-477,7,460,-466,4,566,-384,622,-255,7,625,-241,4,710,-4,627,239,7,625,253,7,621,265,7,610,268,7,610,283,7,606,295,7,595,298,7,592,311,4,516,436,400,523,7,400,538,7,385,538,7,372,541,4,315,574,250,598,7,250,613,7,236,615,7,160,628,7,159,636,7,-35,628,7,-45,632,4,-60,653,-104,645,7,-110,643,7,-123,640,4,-209,592,-320,568,4,-320,561,-323,559,4,-346,549,-350,523,7,-363,520,7,-380,508,7,-391,493,7,-443,453,4,-517,398,-560,313,4,-560,306,-563,301,7,-575,285,7,-577,282,7,-590,268,7,-592,268,7,-597,262,7,-604,226,7,-605,223,7,-607,209,4,-625,154,-620,74,7,-621,59,7,-635,-76,4,-627,-76,-624,-80,7,-620,-91,7,-620,-102,7,-620,-106,7,-622,-106,7,-623,-106,7,-612,-129,7,-605,-151,7,-605,-181,7,-605,-196,4,-580,-223,-575,-271,7,-575,-286,4,-560,-309,-548,-333,4,-545,-339,-545,-346,7,-537,-346,7,-548,-348,4,-477,-412,-464,-433,7,-455,-436,7,-455,-451,4,-399,-447,-388,-494,7,-380,-496,7,-380,-511,7,-273,-568,7,-260,-571,7,-260,-586,4,-147,-623,-20,-645,7,-5,-646,7,21,-627,7,25,-616,7,40,-616,7,55,-616,7,70,-616]},{"path":"symbols/10.jpg","type":0,"id":10,"smooth":false,"alpha":"symbols/10a.png"},{"type":4,"id":121,"commands":[3,5,1,0,1,8,18820,13090,7,0,13090,7,0,12980,7,18820,12980,7,18820,13090,5,3,5,0,120,[1.0061637878418,0,0,0.999998474121094,9358,12140],false,false,8,18816,12980,7,9358,12980,7,9358,12140,7,18816,12140,7,18816,12980,5,3,5,0,119,[0.999789428710937,0,0,1.00000762939453,9320,0],false,false,8,18818,1660,7,9320,1660,7,9320,0,7,18818,0,7,18818,1660,5,3,5,0,118,[0.996672821044922,0,0,0.999822235107422,18220,1280],false,false,8,18818,1280,7,18818,12518,7,18220,12518,7,18220,1280,7,18818,1280,5,3,5,0,120,[-0.999787139892578,0,0,0.999998474121094,9398,12140],false,false,8,0,12980,7,0,12140,7,9398,12140,7,9398,12980,7,0,12980,5,3,5,0,119,[-0.999789428710937,0,0,1.00000762939453,9498,0],false,false,8,9498,0,7,9498,1660,7,0,1660,7,0,0,7,9498,0,5,3,5,0,118,[-0.996672821044922,0,0,0.999822235107422,598,1280],false,false,8,0,1280,7,598,1280,7,598,12518,7,0,12518,7,0,1280,5,3,5,0,117,[0.994122314453125,0,0,1,17200,400],false,false,8,17538,400,7,17538,1200,7,17200,1200,7,17200,400,7,17538,400,5,3,5,0,116,[1,0,0,1,8300,80],false,false,8,10680,1780,7,8300,1780,7,8300,80,7,10680,80,7,10680,1780,5]},{"type":5,"id":9,"frames":[{"objects":[{"type":0,"depth":0,"symbol":8,"clipDepth":0,"id":0,"visible":true,"matrix":[0.699996948242188,0,0,0.699996948242188,0,0]}]}]},{"path":"symbols/120.jpg","type":0,"id":120},{"path":"symbols/8.jpg","type":0,"id":8,"smooth":false,"alpha":"symbols/8a.png"},{"path":"symbols/119.jpg","type":0,"id":119,"alpha":"symbols/119a.png"},{"selectable":false,"html":false,"password":false,"color":-16777216,"fontName":"Choco","rect":[-40,-40,1285,542],"text":"999999","type":2,"border":false,"leftMargin":0,"fontID":6,"id":7,"wordWrap":true,"leading":40,"indent":0,"multiline":true,"align":"right","rightMargin":0,"fontHeight":440,"input":false},{"path":"symbols/118.jpg","type":0,"id":118},{"bold":false,"ascent":14340,"name":"Choco","codes":[32,33,34,35,36,37,38,39,40,41,42,43,44,45,46,47,48,49,50,51,52,53,54,55,56,57,58,59,60,61,62,63,64,65,66,67,68,69,70,71,72,73,74,75,76,77,78,79,80,81,82,83,84,85,86,87,88,89,90,91,92,93,94,95,96,97,98,99,100,101,102,103,104,105,106,107,108,109,110,111,112,113,114,115,116,117,118,119,120,121,122,123,124,125,126,710,732,1456,1457,1458,1459,1460,1461,1462,1463,1464,1465,1466,1467,1468,1469,1470,1471,1472,1473,1474,1475,1476,1477,1478,1479,1480,1481,1482,1483,1484,1485,1486,1487,1488,1489,1490,1491,1492,1493,1494,1495,1496,1497,1498,1499,1500,1501,1502,1503,1504,1505,1506,1507,1508,1509,1510,1511,1512,1513,1514,1515,1516,1517,1518,1519,1520,1521,1522,1523,1524,1525,1526,1527,1528,1529,1530,1531,1532,1533,1534,1535,8192,8193,8194,8195,8196,8197,8198,8199,8200,8201,8202,8203,8204,8205,8206,8207,8208,8209,8210,8211,8212,8213,8214,8215,8216,8217,8218,8219,8220,8221,8222,8223,8224,8225,8226,8227,8228,8229,8230,8231,8232,8233,8234,8235,8236,8237,8238,8239,8240,8241,8242,8243,8244,8245,8246,8247,8248,8249,8250,8251,8252,8253,8254,8255,8256,8257,8258,8259,8260,8261,8262,8263,8264,8265,8266,8267,8268,8269,8270,8271,8272,8273,8274,8275,8276,8277,8278,8279,8280,8281,8282,8283,8284,8285,8286,8287,8288,8289,8290,8291,8292,8293,8294,8295,8296,8297,8298,8299,8300,8301,8302,8303,8352,8353,8354,8355,8356,8357,8358,8359,8360,8361,8362,8363,8364,8365,8366,8367,8368,8369,8370,8371,8372,8373,8374,8375,8376,8377,8378,8379,8380,8381,8382,8383,8384,8385,8386,8387,8388,8389,8390,8391,8392,8393,8394,8395,8396,8397,8398,8399,8448,8449,8450,8451,8452,8453,8454,8455,8456,8457,8458,8459,8460,8461,8462,8463,8464,8465,8466,8467,8468,8469,8470,8471,8472,8473,8474,8475,8476,8477,8478,8479,8480,8481,8482,8483,8484,8485,8486,8487,8488,8489,8490,8491,8492,8493,8494,8495,8496,8497,8498,8499,8500,8501,8502,8503,8504,8505,8506,8507,8508,8509,8510,8511,8512,8513,8514,8515,8516,8517,8518,8519,8520,8521,8522,8523,8524,8525,8526,8527,8528,8529,8530,8531,8532,8533,8534,8535,8536,8537,8538,8539,8540,8541,8542,8543,8544,8545,8546,8547,8548,8549,8550,8551,8552,8553,8554,8555,8556,8557,8558,8559,8560,8561,8562,8563,8564,8565,8566,8567,8568,8569,8570,8571,8572,8573,8574,8575,8576,8577,8578,8579,64285,64286,64287,64288,64289,64290,64291,64292,64293,64294,64295,64296,64297,64298,64299,64300,64301,64302,64303,64304,64305,64306,64307,64308,64309,64310,64311,64312,64313,64314,64315,64316,64317,64318,64319,64320,64321,64322,64323,64324,64325,64326,64327,64328,64329,64330,64331,64332,64333,64334,64335],"type":3,"id":6,"italic":false,"leading":1020,"descent":7160,"glyphs":[null,null,null,null,null,null,null,null,null,null,null,null,null,null,null,null,null,null,null,null,null,null,null,null,null,null,null,null,null,null,null,null,null,null,null,null,null,null,null,null,null,null,null,null,null,null,null,null,null,null,null,null,null,null,null,null,null,null,null,null,null,null,null,null,null,null,null,null,null,null,null,null,null,null,null,null,null,null,null,null,null,null,null,null,null,null,null,null,null,null,null,null,null,null,null,null,null,null,null,null,null,null,null,null,null,null,null,null,null,null,null,null,null,null,null,null,null,null,null,null,null,null,null,null,null,null,null,null,null,[3,5,1,16777215,1,8,11220,-860,7,11220,-860,4,11240,-1350,10220,-2310,4,9090,-3360,9070,-3400,4,9010,-3540,9850,-5530,4,10320,-6660,10810,-7780,4,11060,-8500,11060,-9050,4,11060,-10260,9810,-10180,4,9250,-10120,8410,-7910,4,7430,-5390,7230,-5160,4,7210,-5140,7160,-5120,4,6800,-5120,4690,-7460,4,3520,-8780,2350,-10120,4,2270,-10180,2110,-10180,4,1780,-10180,1290,-9970,4,1020,-9360,1020,-8990,4,1020,-8740,1140,-8560,4,1940,-7350,1980,-7180,4,2370,-6670,2370,-6280,4,2370,-6080,1710,-4060,4,1040,-2050,1020,-1870,4,900,-60,1760,0,4,2020,20,2420,-180,4,2820,-390,2920,-590,4,3110,-960,3640,-3050,4,4090,-4750,4360,-4750,4,4420,-4750,4460,-4710,4,9150,-310,9170,-290,4,9460,-40,10050,0,4,11140,80,11220,-860,5],[3,5,1,16777215,1,8,12340,-570,7,12340,-1450,4,12340,-1950,11600,-2110,4,10560,-2310,10540,-2340,4,10450,-2380,10450,-2740,4,10430,-3010,10450,-3500,4,10490,-4080,10490,-4180,4,10490,-4650,10560,-5860,4,10640,-7070,10640,-7680,4,10640,-8440,10560,-8930,4,10390,-9850,7440,-10080,4,6620,-10160,3700,-10160,4,2000,-10160,1570,-10060,4,930,-10040,710,-9810,4,480,-9590,480,-9110,4,480,-8790,620,-8150,4,1200,-7970,1770,-7840,4,2160,-7820,3180,-7870,4,4410,-7930,4980,-7930,4,7870,-7930,8610,-6900,4,8810,-6640,8810,-5570,4,8810,-5100,8760,-4330,4,8710,-3560,8710,-3460,4,8710,-2820,8710,-2820,4,8690,-2450,8450,-2330,4,8340,-2270,2880,-2270,4,520,-2270,520,-850,4,520,0,2040,0,4,2240,0,2590,0,4,2940,0,3080,0,7,10600,0,4,11010,0,11560,-120,4,12320,-290,12340,-570,5],[3,5,1,16777215,1,8,8310,-680,7,8310,-680,4,8310,-1250,6680,-4260,4,4980,-7350,3170,-10020,4,3070,-10160,2700,-10140,4,2310,-10120,2170,-9980,4,1920,-9710,1920,-9280,4,1920,-8770,2620,-7250,4,3190,-5960,3620,-5310,4,2460,-4400,1600,-3380,4,450,-1990,450,-940,4,450,0,1700,0,4,2050,0,2970,-1390,4,3970,-2910,4670,-3190,4,5300,-2270,5960,-1370,4,6960,0,7430,0,4,8310,0,8310,-680,5],[3,5,1,16777215,1,8,11710,-9010,7,11710,-9010,4,11710,-9870,11320,-10080,4,11320,-10080,10610,-10180,4,9990,-10260,7620,-10220,4,4010,-10160,3440,-10160,4,3270,-10160,2540,-10220,4,1940,-10240,1620,-10220,4,1120,-10200,820,-10090,4,570,-9870,510,-9680,7,510,-9220,4,510,-8590,550,-8390,4,650,-7970,1020,-7840,4,1230,-7760,2070,-7760,4,2470,-7760,3510,-7790,4,4540,-7830,5010,-7830,4,6490,-7830,6590,-7620,4,6670,-6400,6610,-5510,4,6650,-5270,6650,-4710,7,6650,-3360,4,6690,100,7860,0,4,8820,-80,8820,-3480,4,8820,-3790,8820,-4380,4,8820,-4980,8820,-5260,4,8820,-6840,8980,-7520,4,9060,-7890,9780,-7890,4,10820,-7890,11060,-7970,4,11710,-8170,11710,-9010,5],null,[3,5,1,16777215,1,8,3580,-5630,7,3580,-5630,4,3640,-8580,3350,-9380,4,3070,-10180,2000,-10180,7,1570,-10180,4,1160,-9340,1160,-8050,4,1160,-6680,1360,-3890,4,1620,-510,1910,0,7,2950,0,4,3380,-450,3460,-590,4,3580,-820,3580,-1270,4,3580,-1090,3580,-2700,4,3530,-4040,3580,-5630,5],null,null,[3,5,1,16777215,1,8,10970,-4790,7,10970,-4790,4,10970,-6270,10500,-7950,4,9860,-10180,8820,-10180,4,7920,-10180,6720,-8930,4,5530,-7680,5530,-6760,4,5530,-4960,6260,-4960,4,6530,-4960,7310,-6410,4,8090,-7860,8680,-7760,4,9090,-7700,9090,-5530,4,9090,-4070,7870,-2980,4,6650,-1880,5280,-1880,4,2990,-1880,2990,-4970,4,2990,-6200,3460,-7660,4,3930,-9110,3930,-9050,4,3930,-9460,3610,-9820,4,3290,-10180,3030,-10180,4,1040,-10180,1040,-5800,4,1040,-3090,1840,-1720,4,2860,0,5280,0,4,7200,0,8860,-1090,4,10970,-2440,10970,-4790,5],[3,5,1,16777215,1,8,3350,-7970,7,3350,-7970,4,3350,-8500,3190,-9240,4,2980,-10180,2660,-10180,7,1760,-10180,7,1200,-9980,4,1020,-9220,1020,-7800,4,1020,-5120,1800,-4220,4,1900,-4220,2250,-4200,4,2540,-4180,2720,-4200,4,2970,-4220,3110,-4320,4,3330,-5000,3380,-6120,4,3350,-5590,3350,-7970,5],null,null,[3,5,1,16777215,1,8,9030,-8270,7,9030,-8270,4,9030,-9500,7600,-9910,4,6800,-10160,5160,-10160,4,3730,-10160,3460,-10180,4,3620,-10790,3620,-11330,4,3620,-11630,3590,-12200,4,3560,-12760,3540,-13000,4,3230,-13230,2660,-13210,4,1900,-13190,1720,-13230,4,1350,-12470,960,-11080,4,510,-9560,510,-8910,4,510,-8150,1920,-8150,4,7100,-8150,6880,-7350,4,6450,-5920,4610,-3420,4,2890,-1070,2890,-980,4,2890,-590,3230,-280,4,3580,40,3970,40,4,5140,40,7130,-3520,4,9030,-6900,9030,-8270,5],null,null,null,null,null,null,null,null,null,null,null,[3,5,1,16777215,1,8,10110,-6060,7,10110,-6060,4,10110,-8110,9660,-9030,4,9250,-9870,8270,-10120,4,7650,-10260,5910,-10260,4,5420,-10260,4200,-10310,4,2980,-10360,2430,-10360,4,790,-10360,660,-10040,4,460,-9580,460,-9190,4,460,-8050,1910,-8050,4,2200,-8050,4160,-8050,4,6120,-8050,6400,-8050,4,7980,-8050,7980,-6330,4,7980,-5080,7940,-3300,4,7900,-1520,7900,-1390,4,7900,-780,8310,-390,4,8720,0,9390,0,4,9950,0,10070,-2110,4,10110,-2760,10110,-6060,5],[3,5,1,16777215,1,8,12740,-8540,7,12740,-8540,4,12740,-9090,12270,-9710,4,11790,-10320,11280,-10320,4,10810,-10320,10480,-8150,4,10050,-5470,10030,-5450,4,8820,-2250,7150,-2250,4,5610,-2250,4220,-4690,4,3190,-6470,2660,-8560,4,2560,-9110,2460,-9670,4,2250,-10180,1580,-10180,4,1230,-10180,870,-9800,4,510,-9420,510,-9050,4,510,-8400,1120,-6960,4,1600,-5920,2070,-4890,4,2870,-2970,4180,-1640,4,5770,0,7560,0,4,9850,0,11430,-3260,4,12740,-5960,12740,-8540,8,8620,-8810,7,8620,-8810,4,8620,-9340,8190,-9760,4,7760,-10180,7210,-10180,4,7040,-10180,6930,-10090,4,6820,-9990,5990,-8000,4,5160,-6000,5160,-5800,4,5160,-5490,5450,-4960,4,5750,-4360,6020,-4360,4,6410,-4360,7510,-6340,4,8620,-8310,8620,-8810,5]],"advances":[null,null,null,null,null,null,null,null,null,null,null,null,null,null,null,null,null,null,null,null,null,null,null,null,null,null,null,null,null,null,null,null,null,null,null,null,null,null,null,null,null,null,null,null,null,null,null,null,null,null,null,null,null,null,null,null,null,null,null,null,null,null,null,null,null,null,null,null,null,null,null,null,null,null,null,null,null,null,null,null,null,null,null,null,null,null,null,null,null,null,null,null,null,null,null,null,null,null,null,null,null,null,null,null,null,null,null,null,null,null,null,null,null,null,null,null,null,null,null,null,null,null,null,null,null,null,null,null,null,11740,12840,8320,12220,null,4100,null,null,11480,3880,null,null,9540,null,null,null,null,null,null,null,null,null,null,null,10600,13260]},{"path":"symbols/117.jpg","type":0,"id":117,"alpha":"symbols/117a.png"},{"type":5,"className":"itemFrame","baseClassName":null,"id":5,"frames":[{"labels":["reg"],"scriptSource":"\nthis.stop();","objects":[{"name":null,"type":0,"depth":1,"symbol":1,"clipDepth":0,"id":1,"matrix":[1,0,0,1,0,0]},{"name":null,"type":0,"depth":2,"symbol":3,"clipDepth":0,"id":2,"colorTransform":[20,20,20,0,0,0,0,0],"matrix":[1,0,0,1,-40,-40]},{"name":"itemMC","type":0,"depth":4,"symbol":4,"clipDepth":0,"id":3,"matrix":[1,0,0,1,0,0]}]},{"labels":["disable"],"objects":[{"name":null,"type":1,"depth":2,"symbol":3,"clipDepth":0,"id":2,"colorTransform":[20,20,20,4,0,0,0,0]}]}]},{"path":"symbols/116.jpg","type":0,"id":116,"alpha":"symbols/116a.png"},{"type":5,"id":4,"frames":[{}]},{"type":5,"className":"msgBox","baseClassName":null,"id":115,"frames":[{"objects":[{"name":null,"type":0,"depth":2,"symbol":106,"clipDepth":0,"id":0,"matrix":[1,0,0,1,0,0]},{"name":"dt","type":0,"depth":3,"symbol":107,"clipDepth":0,"id":1,"matrix":[1,0,0,1,560,1360]},{"name":"iconMC","type":0,"depth":4,"symbol":114,"clipDepth":0,"id":2,"matrix":[1,0,0,1,780,689]},{"name":"exitButton","type":0,"depth":6,"symbol":78,"clipDepth":0,"id":3,"matrix":[1,0,0,1,1838,3376]}]}]},{"type":5,"id":3,"frames":[{"objects":[{"name":null,"type":0,"depth":1,"symbol":2,"clipDepth":0,"id":0,"matrix":[1,0,0,1,0,0]}]}]},{"type":5,"className":"general_fla.surpriseicon_15","baseClassName":null,"id":114,"frames":[{"labels":["portal"],"scriptSource":"\nthis.stop();","objects":[{"name":null,"type":0,"depth":1,"symbol":109,"clipDepth":0,"id":1,"matrix":[1,0,0,1,0,0]}]},{"labels":["enemy"],"objects":[{"name":null,"type":0,"depth":1,"symbol":111,"clipDepth":0,"id":4,"matrix":[1,0,0,1,0,0]},{"type":2,"id":1}]},{"labels":["thief"],"objects":[{"name":null,"type":0,"depth":1,"symbol":113,"clipDepth":0,"id":7,"matrix":[1,0,0,1,0,0]},{"type":2,"id":4}]},{"labels":["none"],"objects":[{"type":2,"id":7}]}]},{"type":4,"id":2,"commands":[3,5,1,0,1,8,1580,0,7,1580,1580,7,0,1580,7,0,0,7,1580,0,5,6,1,0,1,false,2,1,2,3,8,1580,0,7,1580,1580,7,0,1580,7,0,0,7,1580,0]},{"type":5,"id":113,"frames":[{"objects":[{"type":0,"depth":0,"symbol":112,"clipDepth":0,"id":0,"visible":true,"matrix":[0.999275207519531,0,0,0.999275207519531,-689,-689]}]}]},{"type":4,"id":1,"commands":[6,1,0,1,false,2,1,2,3,8,1540,1540,7,-40,1540,7,-40,-40,7,1540,-40,7,1540,1540]},{"path":"symbols/112.png","type":0,"id":112,"smooth":false}],"frameRate":30}