{"name":null,"assets":[{"path":"symbols/120.jpg","type":"IMAGE"},{"path":"symbols/119.jpg","type":"IMAGE"},{"path":"symbols/119a.png","type":"IMAGE"},{"path":"symbols/118.jpg","type":"IMAGE"},{"path":"symbols/117.jpg","type":"IMAGE"},{"path":"symbols/117a.png","type":"IMAGE"},{"path":"symbols/116.jpg","type":"IMAGE"},{"path":"symbols/116a.png","type":"IMAGE"},{"path":"symbols/124.jpg","type":"IMAGE"},{"path":"symbols/124a.png","type":"IMAGE"},{"path":"symbols/126.jpg","type":"IMAGE"},{"path":"symbols/126a.png","type":"IMAGE"},{"path":"symbols/128.jpg","type":"IMAGE"},{"path":"symbols/128a.png","type":"IMAGE"},{"path":"symbols/130.jpg","type":"IMAGE"},{"path":"symbols/130a.png","type":"IMAGE"},{"path":"symbols/133.jpg","type":"IMAGE"},{"path":"symbols/133a.png","type":"IMAGE"},{"path":"symbols/135.jpg","type":"IMAGE"},{"path":"symbols/135a.png","type":"IMAGE"},{"path":"symbols/137.jpg","type":"IMAGE"},{"path":"symbols/137a.png","type":"IMAGE"},{"path":"symbols/139.jpg","type":"IMAGE"},{"path":"symbols/139a.png","type":"IMAGE"},{"path":"symbols/142.jpg","type":"IMAGE"},{"path":"symbols/142a.png","type":"IMAGE"},{"path":"symbols/145.jpg","type":"IMAGE"},{"path":"symbols/145a.png","type":"IMAGE"},{"path":"symbols/144.jpg","type":"IMAGE"},{"path":"symbols/144a.png","type":"IMAGE"},{"path":"symbols/147.jpg","type":"IMAGE"},{"path":"symbols/147a.png","type":"IMAGE"},{"path":"symbols/149.jpg","type":"IMAGE"},{"path":"symbols/149a.png","type":"IMAGE"},{"path":"symbols/154.png","type":"IMAGE"},{"path":"symbols/158.png","type":"IMAGE"},{"path":"symbols/165.png","type":"IMAGE"},{"path":"symbols/168.png","type":"IMAGE"},{"path":"symbols/172.jpg","type":"IMAGE"},{"path":"symbols/172a.png","type":"IMAGE"},{"path":"symbols/175.png","type":"IMAGE"},{"path":"symbols/65.jpg","type":"IMAGE"},{"path":"symbols/65a.png","type":"IMAGE"},{"path":"symbols/108.jpg","type":"IMAGE"},{"path":"symbols/108a.png","type":"IMAGE"},{"path":"symbols/110.jpg","type":"IMAGE"},{"path":"symbols/110a.png","type":"IMAGE"},{"path":"symbols/112.png","type":"IMAGE"},{"path":"symbols/86.jpg","type":"IMAGE"},{"path":"symbols/86a.png","type":"IMAGE"},{"path":"symbols/96.png","type":"IMAGE"},{"path":"symbols/98.png","type":"IMAGE"},{"path":"symbols/100.png","type":"IMAGE"},{"path":"symbols/102.png","type":"IMAGE"},{"path":"symbols/64.jpg","type":"IMAGE"},{"path":"symbols/64a.png","type":"IMAGE"},{"path":"symbols/67.jpg","type":"IMAGE"},{"path":"symbols/67a.png","type":"IMAGE"},{"path":"symbols/50.jpg","type":"IMAGE"},{"path":"symbols/50a.png","type":"IMAGE"},{"path":"symbols/8.jpg","type":"IMAGE"},{"path":"symbols/8a.png","type":"IMAGE"},{"path":"symbols/10.jpg","type":"IMAGE"},{"path":"symbols/10a.png","type":"IMAGE"},{"path":"symbols/12.jpg","type":"IMAGE"},{"path":"symbols/12a.png","type":"IMAGE"},{"path":"symbols/14.jpg","type":"IMAGE"},{"path":"symbols/14a.png","type":"IMAGE"},{"path":"symbols/16.jpg","type":"IMAGE"},{"path":"symbols/16a.png","type":"IMAGE"},{"path":"symbols/41.jpg","type":"IMAGE"},{"path":"symbols/41a.png","type":"IMAGE"},{"path":"symbols/43.jpg","type":"IMAGE"},{"path":"symbols/43a.png","type":"IMAGE"},{"path":"symbols/45.jpg","type":"IMAGE"},{"path":"symbols/45a.png","type":"IMAGE"},{"path":"symbols/47.jpg","type":"IMAGE"},{"path":"symbols/47a.png","type":"IMAGE"},{"path":"symbols/25.jpg","type":"IMAGE"},{"path":"symbols/25a.png","type":"IMAGE"},{"path":"data.json","type":"TEXT"}],"rootPath":null,"version":3,"libraryArgs":["data.json","f2suLAQTJ2VYvrLpu6D7"],"libraryType":"swf.exporters.animate.AnimateLibrary"}