{"name":null,"assets":[{"path":"symbols/2.jpg","type":"IMAGE"},{"path":"symbols/2a.png","type":"IMAGE"},{"path":"symbols/5.jpg","type":"IMAGE"},{"path":"symbols/5a.png","type":"IMAGE"},{"path":"symbols/26.jpg","type":"IMAGE"},{"path":"symbols/26a.png","type":"IMAGE"},{"path":"symbols/125.jpg","type":"IMAGE"},{"path":"symbols/125a.png","type":"IMAGE"},{"path":"symbols/128.jpg","type":"IMAGE"},{"path":"symbols/128a.png","type":"IMAGE"},{"path":"symbols/131.jpg","type":"IMAGE"},{"path":"symbols/131a.png","type":"IMAGE"},{"path":"symbols/134.png","type":"IMAGE"},{"path":"symbols/355.jpg","type":"IMAGE"},{"path":"symbols/355a.png","type":"IMAGE"},{"path":"data.json","type":"TEXT"}],"rootPath":null,"version":3,"libraryArgs":["data.json","zanu3LQftmwRaVtMQlk3"],"libraryType":"swf.exporters.animate.AnimateLibrary"}