{"name":null,"assets":[{"path":"symbols/51.jpg","type":"IMAGE"},{"path":"symbols/5.jpg","type":"IMAGE"},{"path":"symbols/5a.png","type":"IMAGE"},{"path":"symbols/53.jpg","type":"IMAGE"},{"path":"symbols/53a.png","type":"IMAGE"},{"path":"symbols/55.jpg","type":"IMAGE"},{"path":"symbols/55a.png","type":"IMAGE"},{"path":"symbols/57.jpg","type":"IMAGE"},{"path":"symbols/57a.png","type":"IMAGE"},{"path":"symbols/59.jpg","type":"IMAGE"},{"path":"symbols/59a.png","type":"IMAGE"},{"path":"symbols/61.jpg","type":"IMAGE"},{"path":"symbols/61a.png","type":"IMAGE"},{"path":"symbols/63.jpg","type":"IMAGE"},{"path":"symbols/63a.png","type":"IMAGE"},{"path":"symbols/65.jpg","type":"IMAGE"},{"path":"symbols/65a.png","type":"IMAGE"},{"path":"symbols/67.jpg","type":"IMAGE"},{"path":"symbols/67a.png","type":"IMAGE"},{"path":"symbols/69.jpg","type":"IMAGE"},{"path":"symbols/69a.png","type":"IMAGE"},{"path":"symbols/71.jpg","type":"IMAGE"},{"path":"symbols/71a.png","type":"IMAGE"},{"path":"symbols/73.jpg","type":"IMAGE"},{"path":"symbols/73a.png","type":"IMAGE"},{"path":"symbols/75.jpg","type":"IMAGE"},{"path":"symbols/75a.png","type":"IMAGE"},{"path":"symbols/77.jpg","type":"IMAGE"},{"path":"symbols/77a.png","type":"IMAGE"},{"path":"symbols/79.jpg","type":"IMAGE"},{"path":"symbols/79a.png","type":"IMAGE"},{"path":"symbols/81.jpg","type":"IMAGE"},{"path":"symbols/81a.png","type":"IMAGE"},{"path":"symbols/83.jpg","type":"IMAGE"},{"path":"symbols/83a.png","type":"IMAGE"},{"path":"symbols/85.jpg","type":"IMAGE"},{"path":"symbols/85a.png","type":"IMAGE"},{"path":"symbols/87.jpg","type":"IMAGE"},{"path":"symbols/87a.png","type":"IMAGE"},{"path":"symbols/89.jpg","type":"IMAGE"},{"path":"symbols/89a.png","type":"IMAGE"},{"path":"symbols/91.jpg","type":"IMAGE"},{"path":"symbols/91a.png","type":"IMAGE"},{"path":"symbols/94.jpg","type":"IMAGE"},{"path":"symbols/94a.png","type":"IMAGE"},{"path":"symbols/96.jpg","type":"IMAGE"},{"path":"symbols/96a.png","type":"IMAGE"},{"path":"symbols/98.jpg","type":"IMAGE"},{"path":"symbols/98a.png","type":"IMAGE"},{"path":"symbols/100.jpg","type":"IMAGE"},{"path":"symbols/100a.png","type":"IMAGE"},{"path":"symbols/102.jpg","type":"IMAGE"},{"path":"symbols/102a.png","type":"IMAGE"},{"path":"symbols/104.jpg","type":"IMAGE"},{"path":"symbols/104a.png","type":"IMAGE"},{"path":"symbols/106.jpg","type":"IMAGE"},{"path":"symbols/106a.png","type":"IMAGE"},{"path":"symbols/108.jpg","type":"IMAGE"},{"path":"symbols/108a.png","type":"IMAGE"},{"path":"symbols/110.jpg","type":"IMAGE"},{"path":"symbols/110a.png","type":"IMAGE"},{"path":"symbols/112.jpg","type":"IMAGE"},{"path":"symbols/112a.png","type":"IMAGE"},{"path":"symbols/114.jpg","type":"IMAGE"},{"path":"symbols/114a.png","type":"IMAGE"},{"path":"symbols/116.jpg","type":"IMAGE"},{"path":"symbols/116a.png","type":"IMAGE"},{"path":"symbols/118.jpg","type":"IMAGE"},{"path":"symbols/118a.png","type":"IMAGE"},{"path":"symbols/120.jpg","type":"IMAGE"},{"path":"symbols/120a.png","type":"IMAGE"},{"path":"symbols/122.jpg","type":"IMAGE"},{"path":"symbols/122a.png","type":"IMAGE"},{"path":"symbols/124.jpg","type":"IMAGE"},{"path":"symbols/124a.png","type":"IMAGE"},{"path":"symbols/126.jpg","type":"IMAGE"},{"path":"symbols/126a.png","type":"IMAGE"},{"path":"symbols/128.jpg","type":"IMAGE"},{"path":"symbols/128a.png","type":"IMAGE"},{"path":"symbols/130.jpg","type":"IMAGE"},{"path":"symbols/130a.png","type":"IMAGE"},{"path":"symbols/132.jpg","type":"IMAGE"},{"path":"symbols/132a.png","type":"IMAGE"},{"path":"symbols/134.jpg","type":"IMAGE"},{"path":"symbols/134a.png","type":"IMAGE"},{"path":"symbols/136.jpg","type":"IMAGE"},{"path":"symbols/136a.png","type":"IMAGE"},{"path":"symbols/138.jpg","type":"IMAGE"},{"path":"symbols/138a.png","type":"IMAGE"},{"path":"symbols/140.jpg","type":"IMAGE"},{"path":"symbols/140a.png","type":"IMAGE"},{"path":"symbols/142.jpg","type":"IMAGE"},{"path":"symbols/142a.png","type":"IMAGE"},{"path":"symbols/144.jpg","type":"IMAGE"},{"path":"symbols/144a.png","type":"IMAGE"},{"path":"symbols/146.jpg","type":"IMAGE"},{"path":"symbols/146a.png","type":"IMAGE"},{"path":"symbols/148.jpg","type":"IMAGE"},{"path":"symbols/148a.png","type":"IMAGE"},{"path":"symbols/150.jpg","type":"IMAGE"},{"path":"symbols/150a.png","type":"IMAGE"},{"path":"symbols/152.jpg","type":"IMAGE"},{"path":"symbols/152a.png","type":"IMAGE"},{"path":"symbols/154.jpg","type":"IMAGE"},{"path":"symbols/154a.png","type":"IMAGE"},{"path":"symbols/156.jpg","type":"IMAGE"},{"path":"symbols/156a.png","type":"IMAGE"},{"path":"symbols/158.jpg","type":"IMAGE"},{"path":"symbols/158a.png","type":"IMAGE"},{"path":"symbols/160.jpg","type":"IMAGE"},{"path":"symbols/160a.png","type":"IMAGE"},{"path":"symbols/162.jpg","type":"IMAGE"},{"path":"symbols/162a.png","type":"IMAGE"},{"path":"symbols/164.jpg","type":"IMAGE"},{"path":"symbols/164a.png","type":"IMAGE"},{"path":"symbols/166.jpg","type":"IMAGE"},{"path":"symbols/166a.png","type":"IMAGE"},{"path":"symbols/168.jpg","type":"IMAGE"},{"path":"symbols/168a.png","type":"IMAGE"},{"path":"symbols/170.jpg","type":"IMAGE"},{"path":"symbols/170a.png","type":"IMAGE"},{"path":"symbols/172.jpg","type":"IMAGE"},{"path":"symbols/172a.png","type":"IMAGE"},{"path":"symbols/174.jpg","type":"IMAGE"},{"path":"symbols/174a.png","type":"IMAGE"},{"path":"symbols/176.jpg","type":"IMAGE"},{"path":"symbols/176a.png","type":"IMAGE"},{"path":"symbols/178.jpg","type":"IMAGE"},{"path":"symbols/178a.png","type":"IMAGE"},{"path":"symbols/180.jpg","type":"IMAGE"},{"path":"symbols/180a.png","type":"IMAGE"},{"path":"symbols/182.jpg","type":"IMAGE"},{"path":"symbols/182a.png","type":"IMAGE"},{"path":"symbols/184.jpg","type":"IMAGE"},{"path":"symbols/184a.png","type":"IMAGE"},{"path":"symbols/186.jpg","type":"IMAGE"},{"path":"symbols/186a.png","type":"IMAGE"},{"path":"symbols/188.jpg","type":"IMAGE"},{"path":"symbols/188a.png","type":"IMAGE"},{"path":"symbols/190.jpg","type":"IMAGE"},{"path":"symbols/190a.png","type":"IMAGE"},{"path":"symbols/192.jpg","type":"IMAGE"},{"path":"symbols/192a.png","type":"IMAGE"},{"path":"symbols/194.jpg","type":"IMAGE"},{"path":"symbols/194a.png","type":"IMAGE"},{"path":"symbols/196.jpg","type":"IMAGE"},{"path":"symbols/196a.png","type":"IMAGE"},{"path":"symbols/198.jpg","type":"IMAGE"},{"path":"symbols/198a.png","type":"IMAGE"},{"path":"symbols/200.jpg","type":"IMAGE"},{"path":"symbols/200a.png","type":"IMAGE"},{"path":"symbols/202.jpg","type":"IMAGE"},{"path":"symbols/202a.png","type":"IMAGE"},{"path":"symbols/204.jpg","type":"IMAGE"},{"path":"symbols/204a.png","type":"IMAGE"},{"path":"symbols/206.jpg","type":"IMAGE"},{"path":"symbols/206a.png","type":"IMAGE"},{"path":"symbols/208.jpg","type":"IMAGE"},{"path":"symbols/208a.png","type":"IMAGE"},{"path":"symbols/210.jpg","type":"IMAGE"},{"path":"symbols/210a.png","type":"IMAGE"},{"path":"symbols/212.jpg","type":"IMAGE"},{"path":"symbols/212a.png","type":"IMAGE"},{"path":"symbols/214.jpg","type":"IMAGE"},{"path":"symbols/214a.png","type":"IMAGE"},{"path":"symbols/216.jpg","type":"IMAGE"},{"path":"symbols/216a.png","type":"IMAGE"},{"path":"symbols/218.jpg","type":"IMAGE"},{"path":"symbols/218a.png","type":"IMAGE"},{"path":"symbols/220.jpg","type":"IMAGE"},{"path":"symbols/220a.png","type":"IMAGE"},{"path":"symbols/222.jpg","type":"IMAGE"},{"path":"symbols/222a.png","type":"IMAGE"},{"path":"symbols/224.jpg","type":"IMAGE"},{"path":"symbols/224a.png","type":"IMAGE"},{"path":"symbols/226.jpg","type":"IMAGE"},{"path":"symbols/226a.png","type":"IMAGE"},{"path":"symbols/228.jpg","type":"IMAGE"},{"path":"symbols/228a.png","type":"IMAGE"},{"path":"symbols/230.jpg","type":"IMAGE"},{"path":"symbols/230a.png","type":"IMAGE"},{"path":"symbols/232.jpg","type":"IMAGE"},{"path":"symbols/232a.png","type":"IMAGE"},{"path":"symbols/234.jpg","type":"IMAGE"},{"path":"symbols/234a.png","type":"IMAGE"},{"path":"symbols/236.jpg","type":"IMAGE"},{"path":"symbols/236a.png","type":"IMAGE"},{"path":"symbols/238.jpg","type":"IMAGE"},{"path":"symbols/238a.png","type":"IMAGE"},{"path":"symbols/240.jpg","type":"IMAGE"},{"path":"symbols/240a.png","type":"IMAGE"},{"path":"symbols/242.jpg","type":"IMAGE"},{"path":"symbols/242a.png","type":"IMAGE"},{"path":"symbols/244.jpg","type":"IMAGE"},{"path":"symbols/244a.png","type":"IMAGE"},{"path":"symbols/246.jpg","type":"IMAGE"},{"path":"symbols/246a.png","type":"IMAGE"},{"path":"symbols/248.jpg","type":"IMAGE"},{"path":"symbols/248a.png","type":"IMAGE"},{"path":"symbols/250.jpg","type":"IMAGE"},{"path":"symbols/250a.png","type":"IMAGE"},{"path":"symbols/252.jpg","type":"IMAGE"},{"path":"symbols/252a.png","type":"IMAGE"},{"path":"symbols/254.jpg","type":"IMAGE"},{"path":"symbols/254a.png","type":"IMAGE"},{"path":"symbols/256.jpg","type":"IMAGE"},{"path":"symbols/256a.png","type":"IMAGE"},{"path":"symbols/258.jpg","type":"IMAGE"},{"path":"symbols/258a.png","type":"IMAGE"},{"path":"symbols/260.jpg","type":"IMAGE"},{"path":"symbols/260a.png","type":"IMAGE"},{"path":"symbols/262.jpg","type":"IMAGE"},{"path":"symbols/262a.png","type":"IMAGE"},{"path":"symbols/264.jpg","type":"IMAGE"},{"path":"symbols/264a.png","type":"IMAGE"},{"path":"symbols/266.jpg","type":"IMAGE"},{"path":"symbols/266a.png","type":"IMAGE"},{"path":"symbols/268.jpg","type":"IMAGE"},{"path":"symbols/268a.png","type":"IMAGE"},{"path":"symbols/270.jpg","type":"IMAGE"},{"path":"symbols/270a.png","type":"IMAGE"},{"path":"symbols/272.jpg","type":"IMAGE"},{"path":"symbols/272a.png","type":"IMAGE"},{"path":"symbols/274.jpg","type":"IMAGE"},{"path":"symbols/274a.png","type":"IMAGE"},{"path":"symbols/286.jpg","type":"IMAGE"},{"path":"symbols/286a.png","type":"IMAGE"},{"path":"symbols/293.jpg","type":"IMAGE"},{"path":"symbols/293a.png","type":"IMAGE"},{"path":"symbols/300.jpg","type":"IMAGE"},{"path":"symbols/300a.png","type":"IMAGE"},{"path":"symbols/306.jpg","type":"IMAGE"},{"path":"symbols/306a.png","type":"IMAGE"},{"path":"symbols/311.jpg","type":"IMAGE"},{"path":"symbols/311a.png","type":"IMAGE"},{"path":"symbols/26.jpg","type":"IMAGE"},{"path":"symbols/26a.png","type":"IMAGE"},{"path":"symbols/29.jpg","type":"IMAGE"},{"path":"symbols/29a.png","type":"IMAGE"},{"path":"symbols/31.jpg","type":"IMAGE"},{"path":"symbols/31a.png","type":"IMAGE"},{"path":"symbols/34.jpg","type":"IMAGE"},{"path":"symbols/34a.png","type":"IMAGE"},{"path":"symbols/36.jpg","type":"IMAGE"},{"path":"symbols/36a.png","type":"IMAGE"},{"path":"symbols/38.jpg","type":"IMAGE"},{"path":"symbols/38a.png","type":"IMAGE"},{"path":"symbols/40.jpg","type":"IMAGE"},{"path":"symbols/40a.png","type":"IMAGE"},{"path":"symbols/3.jpg","type":"IMAGE"},{"path":"symbols/3a.png","type":"IMAGE"},{"path":"symbols/2.jpg","type":"IMAGE"},{"path":"symbols/2a.png","type":"IMAGE"},{"path":"symbols/1.jpg","type":"IMAGE"},{"path":"symbols/1a.png","type":"IMAGE"},{"path":"symbols/8.jpg","type":"IMAGE"},{"path":"symbols/8a.png","type":"IMAGE"},{"path":"data.json","type":"TEXT"}],"rootPath":null,"version":3,"libraryArgs":["data.json","yGxS0SwgoYsHUrzdr2wX"],"libraryType":"swf.exporters.animate.AnimateLibrary"}