{"root":0,"uuid":"kpEpsRs04x0FUUF3irW9","version":0.1,"symbols":[{"type":5,"frames":[{"objects":[{"name":null,"type":0,"depth":1,"symbol":71,"clipDepth":0,"id":101,"matrix":[1.00004577636719,0,0,1,0,0]}]}]},{"type":5,"id":55,"frames":[{"objects":[{"type":0,"depth":0,"symbol":10,"clipDepth":0,"id":0,"visible":true,"matrix":[1,0,0,1,0,0]}]}]},{"type":5,"className":"ok_btn_13","baseClassName":null,"id":54,"frames":[{"labels":["up"],"objects":[{"name":null,"type":0,"depth":1,"symbol":51,"clipDepth":0,"id":1,"matrix":[0.976959228515625,0,0,0.952362060546875,4,0]},{"name":null,"type":0,"depth":4,"symbol":53,"clipDepth":0,"id":2,"filters":[[3,16777164,1,7,7,1,2,false,false]],"matrix":[0.992507934570313,0,0,1,940,160]}]},{"labels":["rollover"],"objects":[{"name":null,"type":1,"depth":4,"symbol":53,"clipDepth":0,"id":2,"filters":[[3,16777164,1,67,14,1.796875,2,false,false]],"matrix":[0.992568969726563,0,0,1,940,160]}]}]},{"type":5,"id":53,"frames":[{"objects":[{"name":null,"type":0,"depth":1,"symbol":52,"clipDepth":0,"id":0,"matrix":[1,0,0,1,27,40]}]}]},{"type":6,"id":52,"records":[{"color":-1,"offset":[0,400],"fontID":29,"glyphs":[49,62,54,61,56],"fontHeight":560,"advances":[311,313,106,175,308]}],"matrix":[1,0,0,1,13,0]},{"type":5,"id":51,"frames":[{"objects":[{"name":null,"type":0,"depth":2,"symbol":50,"clipDepth":0,"id":0,"matrix":[1,0,0,1,0,0]}]}]},{"type":4,"id":50,"commands":[3,5,1,734012,1,8,0,601,7,0,299,4,0,0,299,0,7,2921,0,4,3220,0,3220,299,7,3220,601,4,3220,900,2921,900,7,299,900,4,0,900,0,601,5,6,3,16378805,1,false,2,1,2,3,8,0,601,4,0,900,299,900,7,2921,900,4,3220,900,3220,601,7,3220,299,4,3220,0,2921,0,7,299,0,4,0,0,0,299,7,0,601,3,5,2,0,[16777215,16777215],[0.501960784313725,0.101960784313725],[0,255],[0,0.0091552734375,-0.0095977783203125,0,1367,277],0,1,0,8,3014,414,4,2968,460,2903,460,7,317,460,4,252,460,206,414,4,160,368,160,303,7,160,277,4,160,212,206,166,4,252,120,317,120,7,2903,120,4,2968,120,3014,166,4,3060,212,3060,277,7,3060,303,4,3060,368,3014,414,5]},{"type":5,"className":"loadingBarMC","baseClassName":null,"id":49,"frames":[{"objects":[{"name":"loaderDT","type":0,"depth":1,"symbol":34,"clipDepth":0,"id":0,"matrix":[0.999740600585938,0,0,1,-60,500]},{"name":"msgDT","type":0,"depth":2,"symbol":35,"clipDepth":0,"id":1,"matrix":[0.999740600585938,0,0,1,-30,25]},{"name":null,"type":0,"depth":3,"symbol":36,"clipDepth":0,"id":2,"matrix":[1,0,0,1,0,0]},{"name":"maskMC","type":0,"depth":4,"symbol":38,"clipDepth":7,"id":3,"matrix":[1,0,0,1,0,991]},{"name":null,"type":0,"depth":6,"symbol":39,"clipDepth":0,"id":4,"matrix":[1,0,0,1,0,0]},{"name":"flareMC","type":0,"depth":9,"symbol":48,"clipDepth":0,"id":5,"matrix":[1,0,0,1,0,1180]}]}]},{"type":5,"id":48,"frames":[{"objects":[{"name":null,"type":0,"depth":1,"symbol":41,"clipDepth":0,"id":0,"matrix":[1,0,0,1,0,0]}]},{},{},{"objects":[{"name":null,"type":0,"depth":1,"symbol":43,"clipDepth":0,"id":4,"matrix":[1,0,0,1,0,0]},{"type":2,"id":0}]},{},{},{"objects":[{"name":null,"type":0,"depth":1,"symbol":45,"clipDepth":0,"id":8,"matrix":[1,0,0,1,0,0]},{"type":2,"id":4}]},{},{},{"objects":[{"name":null,"type":0,"depth":1,"symbol":47,"clipDepth":0,"id":12,"matrix":[1,0,0,1,0,0]},{"type":2,"id":8}]},{},{},{"objects":[{"name":null,"type":0,"depth":1,"symbol":45,"clipDepth":0,"id":16,"matrix":[1,0,0,1,0,0]},{"type":2,"id":12}]},{},{},{"objects":[{"name":null,"type":0,"depth":1,"symbol":43,"clipDepth":0,"id":20,"matrix":[1,0,0,1,0,0]},{"type":2,"id":16}]},{},{}]},{"type":5,"id":47,"frames":[{"objects":[{"type":0,"depth":0,"symbol":46,"clipDepth":0,"id":0,"visible":true,"matrix":[1,0,0,1,-340,-310]}]}]},{"path":"symbols/46.png","type":0,"id":46,"smooth":false},{"type":5,"id":45,"frames":[{"objects":[{"type":0,"depth":0,"symbol":44,"clipDepth":0,"id":0,"visible":true,"matrix":[1,0,0,1,-340,-310]}]}]},{"path":"symbols/44.png","type":0,"id":44,"smooth":false},{"type":5,"id":43,"frames":[{"objects":[{"type":0,"depth":0,"symbol":42,"clipDepth":0,"id":0,"visible":true,"matrix":[1,0,0,1,-320,-310]}]}]},{"path":"symbols/42.png","type":0,"id":42,"smooth":false},{"type":5,"id":41,"frames":[{"objects":[{"type":0,"depth":0,"symbol":40,"clipDepth":0,"id":0,"visible":true,"matrix":[1,0,0,1,-320,-310]}]}]},{"path":"symbols/40.png","type":0,"id":40,"smooth":false},{"type":4,"id":39,"commands":[3,5,2,0,[4699618,15726330,15726330,10081521],[1,1,1,1],[0,156,202,255],[0,-0.0048828125,0.00244140625,0,3019,1180],0,1,0,8,15965,1115,4,16000,1150,16000,1200,4,16000,1250,15965,1285,4,15930,1320,15880,1320,7,120,1320,4,70,1320,35,1285,4,0,1250,0,1200,4,0,1150,35,1115,4,70,1080,120,1080,7,15880,1080,4,15930,1080,15965,1115,5]},{"type":5,"id":38,"frames":[{"objects":[{"name":null,"type":0,"depth":1,"symbol":37,"clipDepth":0,"id":0,"matrix":[1,0,0,1,0,0]}]}]},{"type":4,"id":37,"commands":[3,5,1,16711680,1,8,15999,0,7,15999,376,7,0,376,7,0,0,7,15999,0,5]},{"type":4,"id":36,"commands":[3,5,2,0,[1261912,930115],[1,1],[0,255],[0,-0.00396728515625,0.00396728515625,0,3034,1141],0,1,0,8,15965,1113,4,16000,1148,16000,1198,4,16000,1248,15965,1283,4,15930,1318,15880,1318,7,120,1318,4,70,1318,35,1283,4,0,1248,0,1198,4,0,1148,35,1113,4,70,1078,120,1078,7,15880,1078,4,15930,1078,15965,1113,5,6,1.5,2302478,1,false,2,1,2,3,8,15965,1113,4,15930,1078,15880,1078,7,120,1078,4,70,1078,35,1113,4,0,1148,0,1198,4,0,1248,35,1283,4,70,1318,120,1318,7,15880,1318,4,15930,1318,15965,1283,4,16000,1248,16000,1198,4,16000,1148,15965,1113]},{"selectable":false,"html":true,"password":false,"color":-10567439,"fontName":"Choco","rect":[60,-40,15923,584],"text":"<p align=\"center\"><font face=\"Choco\" size=\"24\" color=\"#5ec0f1\" letterSpacing=\"0.000000\" kerning=\"1\">העדוה</font></p>","type":2,"border":false,"leftMargin":0,"fontID":29,"id":35,"wordWrap":false,"leading":40,"indent":0,"multiline":false,"align":"center","rightMargin":0,"fontHeight":480,"input":false},{"selectable":false,"html":true,"password":false,"color":-10567439,"fontName":"Choco","rect":[60,-40,15923,584],"text":"<p align=\"center\"><font face=\"Choco\" size=\"24\" color=\"#5ec0f1\" letterSpacing=\"0.000000\" kerning=\"1\">תוצלפמ אביימ</font></p>","type":2,"border":false,"leftMargin":0,"fontID":29,"id":34,"wordWrap":false,"leading":40,"indent":0,"multiline":false,"align":"center","rightMargin":0,"fontHeight":480,"input":false},{"type":5,"className":"loginMC","baseClassName":null,"id":33,"frames":[{"objects":[{"name":null,"type":0,"depth":1,"symbol":11,"clipDepth":0,"id":0,"matrix":[1,0,0,1,0,0]},{"name":null,"type":0,"depth":2,"symbol":13,"clipDepth":0,"id":1,"matrix":[1,0,0,1,6749,1573]},{"name":null,"type":0,"depth":3,"symbol":14,"clipDepth":0,"id":2,"matrix":[1,0,0,1,5699,2446]},{"name":null,"type":0,"depth":4,"symbol":15,"clipDepth":0,"id":3,"matrix":[1,0,0,1,6115,460]},{"name":null,"type":0,"depth":5,"symbol":17,"clipDepth":0,"id":4,"filters":[[2,2,269.999891400219,0,1,3,3,1,2,true,false,false]],"matrix":[1,0,0,1,2327,1442]},{"name":null,"type":0,"depth":7,"symbol":17,"clipDepth":0,"id":5,"filters":[[2,2,269.999891400219,0,1,3,3,1,2,true,false,false]],"matrix":[1,0,0,1,2327,2298]},{"name":"userIT","type":0,"depth":9,"symbol":18,"clipDepth":0,"id":6,"matrix":[1,0,0,1.05799865722656,2375,1523]},{"name":"passIT","type":0,"depth":10,"symbol":19,"clipDepth":0,"id":7,"matrix":[1,0,0,1.00189208984375,2421,2391]},{"name":"errorDT","type":0,"depth":11,"symbol":20,"clipDepth":0,"id":8,"matrix":[1,0,0,1,1080,3136]},{"name":"forgetPassMC","type":0,"depth":12,"symbol":26,"clipDepth":0,"id":9,"matrix":[1,0,0,1.00115966796875,469,1962]},{"name":"backMC","type":0,"depth":17,"symbol":32,"clipDepth":0,"id":10,"matrix":[0.999557495117188,0,0,1.00115966796875,5500,3950]}]}]},{"type":5,"className":"back_btn_7","baseClassName":null,"id":32,"frames":[{"labels":["up"],"objects":[{"name":null,"type":0,"depth":1,"symbol":28,"clipDepth":0,"id":1,"matrix":[0.976959228515625,0,0,0.952362060546875,17,0]},{"name":null,"type":0,"depth":4,"symbol":31,"clipDepth":0,"id":2,"filters":[[3,16777164,1,7,7,1,2,false,false]],"matrix":[1,0,0,1,607,180]}]},{"labels":["rollover"],"objects":[{"name":null,"type":1,"depth":4,"symbol":31,"clipDepth":0,"id":2,"filters":[[3,16777164,1,37,22,1.796875,2,false,false]],"matrix":[1.00175476074219,0,0,1,606,180]}]}]},{"type":5,"id":31,"frames":[{"objects":[{"name":null,"type":0,"depth":1,"symbol":30,"clipDepth":0,"id":0,"matrix":[1,0,0,1,-88,40]}]}]},{"type":6,"id":30,"records":[{"color":-1,"offset":[0,340],"fontID":29,"glyphs":[49,69,51,52],"fontHeight":480,"advances":[266,249,186,282]}],"matrix":[1,0,0,1,128,0]},{"bold":false,"ascent":14340,"name":"Choco","codes":[32,33,34,35,36,37,38,39,40,41,42,43,44,45,46,47,48,49,50,51,52,53,54,55,56,57,58,59,60,61,62,63,64,91,92,93,94,95,96,123,124,125,126,710,732,1488,1489,1490,1491,1492,1493,1494,1495,1496,1497,1498,1499,1500,1501,1502,1503,1504,1505,1506,1507,1508,1509,1510,1511,1512,1513,1514,8211,8212,8216,8217,8218,8220,8221,8222,8224,8225,8226,8230,8240,8249,8250,8364,8482],"type":3,"id":29,"italic":false,"leading":1020,"descent":7160,"glyphs":[[],null,null,null,null,null,null,null,null,null,null,null,null,null,null,null,null,null,null,null,null,null,null,null,null,null,null,null,null,null,null,null,null,null,null,null,null,null,null,null,null,null,null,null,null,null,null,null,[3,5,1,16777215,1,8,11710,-9010,7,11710,-9010,4,11710,-9870,11320,-10080,4,11320,-10080,10610,-10180,4,9990,-10260,7620,-10220,4,4010,-10160,3440,-10160,4,3270,-10160,2540,-10220,4,1940,-10240,1620,-10220,4,1120,-10200,820,-10090,4,570,-9870,510,-9680,7,510,-9220,4,510,-8590,550,-8390,4,650,-7970,1020,-7840,4,1230,-7760,2070,-7760,4,2470,-7760,3510,-7790,4,4540,-7830,5010,-7830,4,6490,-7830,6590,-7620,4,6670,-6400,6610,-5510,4,6650,-5270,6650,-4710,7,6650,-3360,4,6690,100,7860,0,4,8820,-80,8820,-3480,4,8820,-3790,8820,-4380,4,8820,-4980,8820,-5260,4,8820,-6840,8980,-7520,4,9060,-7890,9780,-7890,4,10820,-7890,11060,-7970,4,11710,-8170,11710,-9010,5],[3,5,1,16777215,1,8,3380,-3280,7,3380,-3280,4,3380,-3480,3040,-4130,4,2700,-4770,2560,-4770,4,2000,-4770,1570,-3620,4,1220,-2660,1220,-1970,4,1220,-1370,1510,-760,4,1860,20,2370,20,4,2950,20,3210,-1370,4,3380,-2250,3380,-3280,8,10850,-4630,7,10850,-4630,4,10850,-8090,8820,-9280,4,7310,-10180,3600,-10180,4,1020,-10180,1020,-8600,4,1020,-8110,1380,-7830,4,1740,-7540,2230,-7540,4,2660,-7540,3470,-7720,4,4270,-7910,4700,-7910,4,8860,-7910,8860,-3850,4,8860,-3380,8710,-2490,4,8560,-1600,8560,-1150,4,8560,-840,8600,-570,4,8700,20,9440,20,4,10850,20,10850,-4630,5],null,[3,5,1,16777215,1,8,7330,-7580,7,7330,-7580,4,7430,-7620,7430,-7760,4,7430,-7970,7210,-8380,4,6240,-9380,4300,-9870,4,2910,-10220,1490,-10220,4,1020,-10220,860,-10180,4,530,-10100,530,-9300,4,530,-8420,1080,-8150,4,1720,-7890,2370,-7640,4,1940,-6900,1510,-6160,4,1060,-5300,1060,-4570,4,1060,-3280,1920,-1720,4,2880,0,4010,0,4,4240,0,4810,-180,4,4850,-940,4030,-2270,4,3210,-3600,3210,-4140,4,3210,-4730,3760,-5900,4,4360,-7170,4920,-7230,4,5480,-7290,6060,-7350,4,6900,-7430,7330,-7580,5],[3,5,1,16777215,1,8,11530,-2310,7,11530,-2310,4,11530,-7030,9810,-8640,4,8190,-10180,3640,-10180,4,2000,-10180,1550,-9830,4,1020,-9420,1020,-7860,7,1020,-3860,4,1020,-3780,1020,-3390,4,1000,-2980,1000,-2710,4,1000,20,2040,20,4,2800,20,2990,-1680,4,3050,-2200,3050,-4440,4,3050,-6680,3130,-7150,4,3230,-7740,4110,-7910,4,4480,-7970,5590,-7970,4,7800,-7970,8620,-6800,4,9170,-5980,9270,-3970,4,9400,-1370,9600,-530,4,9750,20,10340,20,4,11120,20,11380,-800,4,11530,-1270,11530,-2310,5],null,[3,5,1,16777215,1,8,3350,-7970,7,3350,-7970,4,3350,-8500,3190,-9240,4,2980,-10180,2660,-10180,7,1760,-10180,7,1200,-9980,4,1020,-9220,1020,-7800,4,1020,-5120,1800,-4220,4,1900,-4220,2250,-4200,4,2540,-4180,2720,-4200,4,2970,-4220,3110,-4320,4,3330,-5000,3380,-6120,4,3350,-5590,3350,-7970,5],null,[3,5,1,16777215,1,8,10750,-4650,7,10750,-4650,4,10750,-7780,8480,-9050,4,6780,-10010,3400,-10010,4,1920,-10010,1660,-9970,4,530,-9780,530,-8990,4,530,-8000,2460,-7740,4,4300,-7590,6140,-7470,4,8190,-7250,8430,-6410,4,8680,-5570,8680,-4630,4,8680,-1800,5380,-1800,4,4730,-1800,3410,-2080,4,2090,-2360,1410,-2360,4,510,-2360,510,-1990,4,510,-1010,1350,-450,4,2070,0,3110,0,7,4360,0,4,7250,0,8760,-840,4,10750,-1970,10750,-4650,5],[3,5,1,16777215,1,8,9030,-8270,7,9030,-8270,4,9030,-9500,7600,-9910,4,6800,-10160,5160,-10160,4,3730,-10160,3460,-10180,4,3620,-10790,3620,-11330,4,3620,-11630,3590,-12200,4,3560,-12760,3540,-13000,4,3230,-13230,2660,-13210,4,1900,-13190,1720,-13230,4,1350,-12470,960,-11080,4,510,-9560,510,-8910,4,510,-8150,1920,-8150,4,7100,-8150,6880,-7350,4,6450,-5920,4610,-3420,4,2890,-1070,2890,-980,4,2890,-590,3230,-280,4,3580,40,3970,40,4,5140,40,7130,-3520,4,9030,-6900,9030,-8270,5],null,[3,5,1,16777215,1,8,12940,-3570,7,12940,-3570,4,12940,-5540,11900,-7570,4,10560,-10160,8370,-10160,4,8110,-10160,7800,-10120,4,7490,-10080,6180,-9040,4,4950,-8090,4580,-7680,4,4320,-8560,3660,-9090,4,3010,-9630,2350,-10160,4,1630,-9730,1630,-9140,4,1630,-8480,2310,-7460,4,3290,-5940,3330,-5860,4,2490,-4850,1650,-3850,4,650,-2500,650,-1540,4,650,-200,1310,0,4,2150,-550,3540,-2690,4,5320,-5440,5940,-6160,4,7390,-7890,8740,-7890,4,9730,-7890,10480,-6140,4,11120,-4640,11120,-3390,4,11120,-2770,10010,-2220,4,9770,-2100,7960,-1400,4,6860,-970,6860,-660,4,6860,-410,7240,-180,4,7630,60,7940,60,4,9760,60,11240,-820,4,12940,-1870,12940,-3570,5],null,[3,5,1,16777215,1,8,5680,-2730,7,5680,-2730,4,5800,-4080,5350,-6330,4,4840,-8890,4000,-10000,4,3650,-10200,3410,-10200,4,3080,-10200,2770,-9650,4,2510,-9180,2490,-8830,4,2410,-7990,3000,-6350,4,3610,-4630,3610,-3790,4,3610,20,-1460,280,4,-1670,310,-1710,760,4,-1750,1120,-1670,1440,4,-1590,1760,-1250,1880,4,-910,2000,-560,2130,4,-90,2230,130,2230,4,1500,2350,3110,1520,4,4720,690,5150,-460,4,5580,-1620,5680,-2730,5],[3,5,1,16777215,1,8,8680,-5820,7,8680,-5820,4,8680,-5410,8540,-4530,4,8370,-3540,8230,-3320,4,7800,-2750,6510,-2360,4,5420,-2030,4480,-2030,4,2820,-2030,2820,-5040,4,2820,-6500,2920,-6780,4,3170,-7540,4270,-7730,4,5140,-7870,5340,-7850,4,6390,-7760,6340,-7760,4,7140,-7760,7910,-7170,4,8680,-6570,8680,-5820,8,10930,-5310,7,10930,-5310,4,10930,-7500,9310,-8930,4,7760,-10300,5670,-10160,4,2740,-9930,1820,-9280,4,510,-8380,510,-5630,4,510,-3100,1510,-1620,4,2700,140,5140,140,4,7410,140,9130,-1400,4,10930,-3010,10930,-5310,5],null,null,null,null,null,null,[3,5,1,16777215,1,8,10110,-6060,7,10110,-6060,4,10110,-8110,9660,-9030,4,9250,-9870,8270,-10120,4,7650,-10260,5910,-10260,4,5420,-10260,4200,-10310,4,2980,-10360,2430,-10360,4,790,-10360,660,-10040,4,460,-9580,460,-9190,4,460,-8050,1910,-8050,4,2200,-8050,4160,-8050,4,6120,-8050,6400,-8050,4,7980,-8050,7980,-6330,4,7980,-5080,7940,-3300,4,7900,-1520,7900,-1390,4,7900,-780,8310,-390,4,8720,0,9390,0,4,9950,0,10070,-2110,4,10110,-2760,10110,-6060,5],[3,5,1,16777215,1,8,12740,-8540,7,12740,-8540,4,12740,-9090,12270,-9710,4,11790,-10320,11280,-10320,4,10810,-10320,10480,-8150,4,10050,-5470,10030,-5450,4,8820,-2250,7150,-2250,4,5610,-2250,4220,-4690,4,3190,-6470,2660,-8560,4,2560,-9110,2460,-9670,4,2250,-10180,1580,-10180,4,1230,-10180,870,-9800,4,510,-9420,510,-9050,4,510,-8400,1120,-6960,4,1600,-5920,2070,-4890,4,2870,-2970,4180,-1640,4,5770,0,7560,0,4,9850,0,11430,-3260,4,12740,-5960,12740,-8540,8,8620,-8810,7,8620,-8810,4,8620,-9340,8190,-9760,4,7760,-10180,7210,-10180,4,7040,-10180,6930,-10090,4,6820,-9990,5990,-8000,4,5160,-6000,5160,-5800,4,5160,-5490,5450,-4960,4,5750,-4360,6020,-4360,4,6410,-4360,7510,-6340,4,8620,-8310,8620,-8810,5],[3,5,1,16777215,1,8,13590,-4870,7,13590,-4870,4,13590,-8440,10910,-9630,4,9640,-10180,7220,-10180,4,7010,-10180,6150,-10060,4,5070,-9910,4700,-9870,4,4450,-9850,4130,-9440,4,3820,-9030,3750,-8710,4,3650,-8130,3590,-7440,4,3450,-5530,3490,-4490,4,3570,-2480,2490,-2480,4,2300,-2480,1880,-2540,4,1460,-2600,1240,-2600,4,460,-2600,460,-1940,4,460,-1510,620,-1110,4,1070,0,2300,0,4,3570,0,3920,-100,4,4470,-270,4720,-940,4,4940,-1540,5210,-3330,4,5310,-5480,5270,-6630,4,5330,-7580,7480,-7580,4,7460,-7580,7730,-7580,4,7970,-7580,8200,-7580,4,11520,-7580,11520,-5840,4,11520,-5570,11490,-3720,4,11460,-1860,11460,-1600,4,11460,-1230,11760,-610,4,12050,0,12280,0,4,12980,0,13320,-2030,4,13590,-3440,13590,-4870,5]],"advances":[4100,null,null,null,null,null,null,null,null,null,null,null,null,null,null,null,null,null,null,null,null,null,null,null,null,null,null,null,null,null,null,null,null,null,null,null,null,null,null,null,null,null,null,null,null,null,null,null,12220,11360,null,7940,12040,null,3880,null,11260,9540,null,13460,null,6380,11440,null,null,null,null,null,null,10600,13260,14100]},{"type":5,"id":28,"frames":[{"objects":[{"name":null,"type":0,"depth":2,"symbol":27,"clipDepth":0,"id":0,"matrix":[1,0,0,1,0,0]}]}]},{"type":4,"id":27,"commands":[3,5,1,3736640,1,8,0,601,7,0,299,4,0,0,299,0,7,2001,0,4,2300,0,2300,299,7,2300,601,4,2300,900,2001,900,7,299,900,4,0,900,0,601,5,6,3,16378805,1,false,2,1,2,3,8,0,601,4,0,900,299,900,7,2001,900,4,2300,900,2300,601,7,2300,299,4,2300,0,2001,0,7,299,0,4,0,0,0,299,7,0,601,3,5,2,0,[16777215,16777215],[0.501960784313725,0.101960784313725],[0,255],[0,0.0091552734375,-0.0095977783203125,0,1347,277],0,1,0,8,2134,414,4,2088,460,2023,460,7,297,460,4,232,460,186,414,4,140,368,140,303,7,140,277,4,140,212,186,166,4,232,120,297,120,7,2023,120,4,2088,120,2134,166,4,2180,212,2180,277,7,2180,303,4,2180,368,2134,414,5]},{"type":5,"className":"forget_pass_btn_4","baseClassName":null,"id":26,"frames":[{"labels":["up"],"objects":[{"name":null,"type":0,"depth":1,"symbol":22,"clipDepth":0,"id":1,"matrix":[0.599990844726563,0,0,0.599990844726563,0,0]},{"name":null,"type":0,"depth":4,"symbol":25,"clipDepth":0,"id":2,"filters":[[3,16777164,1,7,7,1,2,false,false]],"matrix":[1,0,0,1,140,0]}]},{"labels":["rollover"],"objects":[{"name":null,"type":1,"depth":4,"symbol":25,"clipDepth":0,"id":2,"filters":[[3,16777164,1,17,12,1.796875,2,false,false]],"matrix":[0.999893188476563,0,0,1.00288391113281,140,-1]}]}]},{"type":5,"id":25,"frames":[{"objects":[{"name":null,"type":0,"depth":1,"symbol":24,"clipDepth":0,"id":0,"matrix":[1,0,0,1,19,140]}]}]},{"type":6,"id":24,"records":[{"color":-1,"offset":[0,220],"fontID":23,"glyphs":[1,5,6,3,6,0,3,8,2,4,7],"fontHeight":240,"advances":[144,144,138,59,138,67,59,154,144,111,167]}],"matrix":[1,0,0,1,-43,0]},{"bold":false,"ascent":0,"name":"Arial","codes":[32,1492,1495,1497,1499,1502,1505,1513,1514],"type":3,"id":23,"italic":false,"leading":0,"descent":0,"glyphs":[[],[3,5,1,16777215,1,8,3530,-5980,7,1620,-5980,7,1620,0,7,3530,0,7,3530,-5980,8,1500,-10420,7,1660,-8790,4,3330,-9070,4690,-9070,4,6420,-9070,7330,-8680,4,8230,-8300,8600,-7550,4,8970,-6810,8970,-5220,7,8970,0,7,10880,0,7,10880,-5730,4,10880,-8270,9610,-9500,4,8340,-10730,5020,-10730,4,3310,-10730,1500,-10420,5],[3,5,1,16777215,1,8,10810,0,7,10810,-5940,4,10810,-7660,10320,-8620,4,9830,-9580,8640,-10150,4,7440,-10730,5480,-10730,4,3690,-10730,1550,-10380,7,1550,0,7,3460,0,7,3460,-8930,4,4510,-9070,5360,-9070,4,6820,-9070,7600,-8660,4,8380,-8260,8640,-7590,4,8900,-6920,8900,-5750,7,8900,0,7,10810,0,5],[3,5,1,16777215,1,8,3500,-10610,7,1550,-10610,7,1550,-5120,7,3500,-5120,7,3500,-10610,5],[3,5,1,16777215,1,8,800,-140,7,800,-140,4,1960,160,2890,160,4,4790,160,6020,-590,4,7250,-1340,7900,-2540,4,8540,-3740,8540,-5300,4,8540,-7690,7050,-9240,4,5550,-10790,2890,-10790,4,1970,-10790,800,-10490,7,1060,-8770,4,1990,-9070,2990,-9070,4,4680,-9070,5590,-8020,4,6490,-6970,6490,-5300,4,6490,-4190,6080,-3340,4,5660,-2490,4890,-2020,4,4120,-1560,2990,-1560,4,2000,-1560,1060,-1860,7,800,-140,5],[3,5,1,16777215,1,8,2440,-6180,7,2440,-6180,4,2070,-4730,1950,-4140,7,1110,0,7,3040,0,7,3790,-3930,4,4340,-6780,5130,-7930,4,5910,-9090,7030,-9090,4,7750,-9090,8230,-8580,4,8700,-8080,8820,-7270,4,8930,-6470,8930,-4710,7,8930,-1600,7,5390,-1600,7,5390,0,7,10860,0,7,10860,-4670,4,10860,-7080,10460,-8280,4,10060,-9480,9180,-10100,4,8290,-10730,7070,-10730,4,5920,-10730,4920,-10010,4,3920,-9300,3450,-8270,7,2670,-10610,7,800,-10610,7,2440,-6180,5],[3,5,1,16777215,1,8,2990,-5260,7,2990,-5260,4,2990,-7030,3710,-8180,4,4430,-9340,5880,-9340,4,7250,-9340,8020,-8270,4,8790,-7200,8790,-5280,4,8790,-3550,8080,-2420,4,7360,-1290,5880,-1290,4,4510,-1290,3750,-2330,4,2990,-3380,2990,-5260,8,900,-5260,7,900,-5260,4,900,-2740,2270,-1210,4,3630,310,5880,310,4,7480,310,8610,-450,4,9740,-1210,10300,-2450,4,10860,-3690,10860,-5260,4,10860,-7170,10120,-8450,4,9380,-9730,8300,-10310,4,7220,-10900,5880,-10900,4,3630,-10900,2270,-9350,4,900,-7800,900,-5260,5],[3,5,1,16777215,1,8,2940,-10610,7,1000,-10610,7,1140,-7680,4,1140,-4880,1770,-3200,4,2390,-1520,3660,-610,4,4920,290,6790,290,4,8900,290,10240,-620,4,11570,-1530,12110,-3000,4,12650,-4470,12860,-6680,7,13220,-10610,7,11300,-10610,7,10870,-6060,4,10730,-4350,10310,-3420,4,9890,-2500,9010,-1910,4,8130,-1330,6900,-1330,4,5570,-1330,4660,-1980,4,3750,-2630,3500,-3710,4,4980,-3830,5860,-4190,4,6730,-4560,7140,-5050,4,7540,-5540,7670,-5980,4,7800,-6420,7860,-7270,7,8100,-10610,7,6180,-10610,7,5970,-7760,4,5970,-6280,5120,-5750,4,4270,-5220,3210,-5220,4,3040,-6240,2980,-8890,7,2940,-10610,5],[3,5,1,16777215,1,8,400,-250,7,400,-250,4,1330,80,2270,80,4,3430,80,4020,-260,4,4600,-600,4790,-1130,4,4970,-1660,4970,-2660,7,4970,-9090,7,5930,-9110,4,7750,-9110,8540,-8660,4,9330,-8210,9570,-7490,4,9800,-6770,9800,-5220,7,9800,0,7,11710,0,7,11710,-5730,4,11710,-7800,11040,-8860,4,10360,-9930,9080,-10330,4,7800,-10730,5420,-10730,4,3070,-10730,790,-10440,7,960,-8850,4,2210,-9030,3070,-9030,7,3070,-2910,4,3070,-2110,2810,-1800,4,2550,-1500,1860,-1500,4,1250,-1500,730,-1680,7,400,-250,5]],"advances":[null,null,null,null,null,null,null,null,null]},{"type":5,"id":22,"frames":[{"objects":[{"name":null,"type":0,"depth":2,"symbol":21,"clipDepth":0,"id":0,"matrix":[1,0,0,1,0,0]}]}]},{"type":4,"id":21,"commands":[3,5,1,734012,1,8,0,601,7,0,299,4,0,0,299,0,7,2301,0,4,2600,0,2600,299,7,2600,601,4,2600,900,2301,900,7,299,900,4,0,900,0,601,5,6,3,16378805,1,true,2,1,2,3,8,0,601,4,0,900,299,900,7,2301,900,4,2600,900,2600,601,7,2600,299,4,2600,0,2301,0,7,299,0,4,0,0,0,299,7,0,601,3,5,2,0,[16777215,16777215],[0.501960784313725,0.101960784313725],[0,255],[0,0.0091552734375,-0.0095977783203125,0,1347,277],0,1,0,8,2460,303,4,2460,368,2414,414,4,2368,460,2303,460,7,297,460,4,232,460,186,414,4,140,368,140,303,7,140,277,4,140,212,186,166,4,232,120,297,120,7,2303,120,4,2368,120,2414,166,4,2460,212,2460,277,7,2460,303,5]},{"selectable":false,"html":true,"password":false,"color":-12173780,"fontName":"Choco Bold","rect":[-40,-40,6979,796],"text":"<p align=\"center\"></p>","type":2,"border":false,"leftMargin":0,"fontID":12,"id":20,"wordWrap":true,"leading":-40,"indent":0,"multiline":true,"align":"center","rightMargin":0,"fontHeight":360,"input":false},{"selectable":true,"html":true,"password":false,"color":-14783878,"fontName":"Arial","rect":[-40,-40,3843,527],"text":"<p align=\"right\"></p>","type":2,"border":false,"leftMargin":0,"fontID":2,"id":19,"wordWrap":false,"leading":-40,"indent":0,"multiline":false,"align":"right","rightMargin":0,"fontHeight":360,"input":true},{"selectable":true,"html":true,"password":false,"color":-14783878,"fontName":"Arial","rect":[-40,-40,3874,527],"text":"<p align=\"right\"></p>","type":2,"border":false,"leftMargin":0,"fontID":2,"id":18,"wordWrap":false,"leading":-40,"indent":0,"multiline":false,"align":"right","rightMargin":0,"fontHeight":360,"input":true},{"type":5,"id":17,"frames":[{"objects":[{"name":null,"type":0,"depth":1,"symbol":16,"clipDepth":0,"id":0,"matrix":[1,0,0,1,0,0]}]}]},{"type":4,"id":16,"commands":[3,5,1,15525313,1,8,3940,460,4,3940,660,3740,660,7,200,660,4,0,660,0,460,7,0,200,4,0,0,200,0,7,3740,0,4,3940,0,3940,200,7,3940,460,5,6,1,9207386,0.301960784313725,false,2,1,2,3,8,3940,460,7,3940,200,4,3940,0,3740,0,7,200,0,4,0,0,0,200,7,0,460,4,0,660,200,660,7,3740,660,4,3940,660,3940,460]},{"type":6,"id":15,"records":[{"color":-12173780,"offset":[660,300],"fontID":12,"glyphs":[1,49,59,50,62,68,49,0,49,56,57,59,59,57,0,58,54,45,46,49,0,58,54,56,50,69,46,0],"fontHeight":440,"advances":[125,289,319,130,279,273,289,88,289,275,238,319,319,238,88,282,128,296,311,289,88,282,128,275,130,267,311,40]},{"offset":[0,740],"glyphs":[14,14,14,57,54,52,71,61,50,0,49,59,62,54,62,50,0,70,59,71,70,59,0,58,70,0,50,62,54,61,56,49],"fontHeight":440,"advances":[114,114,114,238,128,303,337,194,130,88,289,319,279,128,279,130,88,333,319,337,333,319,88,282,333,88,130,279,128,194,275,289]}],"matrix":[1,0,0,1,-5003,0]},{"type":5,"className":"openingScreen","baseClassName":null,"id":71,"frames":[{"labels":["start"],"scriptSource":"\nthis.stop();","objects":[{"name":null,"type":0,"depth":1,"symbol":9,"clipDepth":0,"id":1,"matrix":[1,0,0,1,0,0]},{"name":"loginMC","type":0,"depth":2,"symbol":33,"clipDepth":0,"id":2,"matrix":[1,0,0,1,9180,13408]},{"name":"loadingBarMC","type":0,"depth":20,"symbol":49,"clipDepth":0,"id":3,"matrix":[1,0,0,1,1399,10651]},{"name":"enterMC","type":0,"depth":30,"symbol":54,"clipDepth":0,"id":4,"matrix":[1,0,0,1.00115966796875,13000,10400]},{"name":"forgetPassWinMC","type":0,"depth":35,"symbol":65,"clipDepth":0,"id":5,"matrix":[1,0,0,1,1139,13408]},{"name":"newMC","type":0,"depth":49,"symbol":70,"clipDepth":0,"id":6,"matrix":[1,0,0,1.00115966796875,3000,10400]}]},{"labels":["login"],"objects":[{"name":null,"type":1,"depth":2,"symbol":33,"clipDepth":0,"id":2,"matrix":[1,0,0,1,5620,3334]},{"name":null,"type":1,"depth":30,"symbol":54,"clipDepth":0,"id":4,"matrix":[1,0,0,1.00115966796875,7200,7284]},{"name":null,"type":1,"depth":49,"symbol":70,"clipDepth":0,"id":6,"matrix":[1,0,0,1.00115966796875,10459,15817]}]},{"labels":["forgetPass"],"objects":[{"name":null,"type":1,"depth":2,"symbol":33,"clipDepth":0,"id":2,"matrix":[1,0,0,1,9180,13408]},{"name":null,"type":1,"depth":30,"symbol":54,"clipDepth":0,"id":4,"matrix":[1,0,0,1.00115966796875,4781,13657]},{"name":null,"type":1,"depth":35,"symbol":65,"clipDepth":0,"id":5,"matrix":[1,0,0,1,5659,3349]},{"name":null,"type":1,"depth":49,"symbol":70,"clipDepth":0,"id":6,"matrix":[1,0,0,1.00115966796875,4860,14978]}]}]},{"type":6,"id":14,"records":[{"color":-12173780,"offset":[0,300],"fontID":12,"glyphs":[49,59,62,54,62],"fontHeight":440,"advances":[289,319,279,128,279]}],"matrix":[1,0,0,1,702,0]},{"type":5,"className":"newuser_btn_20","baseClassName":null,"id":70,"frames":[{"labels":["up"],"objects":[{"name":null,"type":0,"depth":1,"symbol":67,"clipDepth":0,"id":1,"matrix":[0.976959228515625,0,0,0.952362060546875,34,0]},{"name":null,"type":0,"depth":4,"symbol":69,"clipDepth":0,"id":2,"filters":[[3,16777164,1,7,7,1,2,false,false]],"matrix":[1,0,0,0.99822998046875,180,200]}]},{"labels":["rollover"],"objects":[{"name":null,"type":1,"depth":4,"symbol":69,"clipDepth":0,"id":2,"filters":[[3,16777164,1,16,13,1.796875,2,false,false]],"matrix":[1.00076293945313,0,0,0.99822998046875,180,200]}]}]},{"type":6,"id":13,"records":[{"color":-12173780,"offset":[0,300],"fontID":12,"glyphs":[70,59,71,70,59,0,58,70],"fontHeight":440,"advances":[333,319,337,333,319,88,282,333]}],"matrix":[1,0,0,1,-348,0]},{"type":5,"id":69,"frames":[{"objects":[{"name":null,"type":0,"depth":1,"symbol":68,"clipDepth":0,"id":0,"matrix":[1,0,0,1,646,40]}]}]},{"bold":true,"ascent":14340,"name":"Choco Bold","codes":[32,33,34,35,36,37,38,39,40,41,42,43,44,45,46,47,48,49,50,51,52,53,54,55,56,57,58,59,60,61,62,63,64,91,92,93,94,95,96,123,124,125,126,710,732,1488,1489,1490,1491,1492,1493,1494,1495,1496,1497,1498,1499,1500,1501,1502,1503,1504,1505,1506,1507,1508,1509,1510,1511,1512,1513,1514,8211,8212,8216,8217,8218,8220,8221,8222,8224,8225,8226,8230,8240,8249,8250,8364,8482],"type":3,"id":12,"italic":false,"leading":1020,"descent":7160,"glyphs":[[],[3,5,1,16777215,1,8,3580,-80,7,3580,-80,4,4280,-80,4790,-570,4,5300,-1060,5300,-1530,4,5300,-2780,3500,-2780,4,1570,-2780,1570,-1610,4,1570,-80,3580,-80,8,1610,-5650,7,1610,-5650,4,1610,-4690,2120,-4120,4,2640,-3480,3570,-3480,4,4140,-3480,4600,-3850,4,5070,-4220,5090,-4750,4,5230,-7290,5090,-8830,4,5050,-9440,4440,-9850,4,3920,-10180,3390,-10180,4,2160,-10180,1770,-9220,4,1570,-8700,1570,-7370,4,1570,-7070,1590,-6500,4,1610,-5940,1610,-5650,5],null,null,null,null,null,null,null,null,null,null,null,null,[3,5,1,16777215,1,8,2770,0,7,2770,0,4,3600,0,4160,-460,4,4710,-920,4710,-1700,4,4710,-3340,2770,-3440,4,760,-3560,760,-1820,4,760,0,2770,0,5],null,null,null,null,null,null,null,null,null,null,null,null,null,null,null,null,null,null,null,null,null,null,null,null,null,null,null,null,null,null,[3,5,1,16777215,1,8,8170,-6060,7,8170,-6060,4,7940,-6330,6220,-7970,4,4580,-9500,4110,-9910,4,3950,-10060,3440,-10060,4,2820,-10060,1960,-9850,4,1490,-8930,1490,-8440,4,1490,-8030,1740,-7700,4,1840,-7580,2340,-6860,4,2840,-6140,2840,-6120,4,2840,-6040,2210,-4420,4,1960,-3790,1720,-3150,4,1470,-2460,1470,-1900,4,1470,-1620,1530,-1310,4,1800,0,3110,0,4,4340,0,4850,-900,4,5140,-1410,5380,-2290,4,5790,-3690,5810,-3750,4,8350,-1620,9890,-430,4,10440,0,11300,0,4,12040,0,12590,-360,4,13140,-720,13210,-1370,4,13270,-2150,11220,-3750,4,11080,-3850,11010,-3870,4,10990,-3910,11260,-4320,4,11610,-4850,11790,-5220,4,12490,-6660,12750,-7210,4,13060,-7950,13060,-8580,4,13060,-10320,10970,-10160,4,10220,-10120,9350,-8580,4,9170,-8270,8290,-6330,7,8170,-6060,5],[3,5,1,16777215,1,8,8770,-3260,7,8770,-3260,4,8650,-3260,8200,-3260,4,7600,-3280,7290,-3280,4,6970,-3280,5540,-3300,4,4350,-3300,3690,-3300,4,560,-3300,560,-1390,4,560,-350,1770,-80,4,2180,0,3900,0,7,11420,0,4,11870,0,12830,-350,4,13910,-760,13910,-1130,7,13910,-1930,4,13910,-2600,13420,-2870,4,13200,-2990,12520,-3090,4,12030,-3150,12030,-3360,4,12050,-3930,12150,-5350,4,12230,-6620,12230,-7310,4,12230,-7990,12130,-8540,4,11880,-9690,8750,-10020,4,7560,-10160,4490,-10160,4,2960,-10160,2220,-10060,4,520,-9830,520,-8620,4,520,-8230,680,-7600,4,750,-7370,1650,-7070,4,2010,-6940,2530,-6820,4,4760,-6820,6170,-6880,4,7830,-6840,8400,-6550,4,8910,-6310,8910,-5650,4,8910,-5450,8840,-4790,4,8770,-4140,8770,-3670,4,8770,-3620,8770,-3480,4,8770,-3340,8770,-3260,5],null,null,[3,5,1,16777215,1,8,3640,20,7,3640,20,4,4420,20,4970,-1450,4,5420,-2660,5420,-3500,4,5420,-3790,4740,-4640,4,4070,-5490,3820,-5490,4,3080,-5490,2370,-4220,4,1730,-3090,1730,-2380,4,1730,-1680,2260,-900,4,2880,20,3640,20,8,12720,-2250,7,12720,-2250,4,12900,-3180,12900,-4690,4,12900,-8090,10480,-9320,4,8780,-10180,4870,-10180,4,3580,-10180,2680,-9750,4,1530,-9220,1530,-8130,4,1530,-7370,2190,-6920,4,2760,-6550,3520,-6550,4,3930,-6550,4750,-6700,4,5570,-6860,5980,-6860,4,9380,-6860,9380,-4010,4,9380,-3730,9220,-2880,4,9070,-2030,9070,-1580,4,9070,20,10730,20,4,11470,20,12000,-610,4,12530,-1250,12720,-2250,5],[3,5,1,16777215,1,8,5520,-1740,7,5520,-1740,4,5500,-3910,5480,-5530,4,5540,-8500,4970,-9440,4,4520,-10160,3150,-10180,7,2230,-10180,4,1530,-8930,1530,-7660,4,1530,-6370,1820,-3830,4,2160,-680,2620,0,7,4440,0,4,5110,-590,5240,-760,4,5520,-1150,5520,-1740,5],null,[3,5,1,16777215,1,8,13550,-1990,7,13550,-1990,4,13570,-2210,13570,-2680,4,13570,-7070,11600,-8660,4,9780,-10180,4930,-10180,4,3020,-10180,2370,-9750,4,1530,-9190,1530,-7490,7,1530,-4020,4,1530,-2180,1670,-1580,4,2020,20,3330,20,4,4620,20,4970,-1850,4,5090,-2460,5090,-4540,4,5090,-6410,5150,-6760,4,5190,-6920,6870,-6920,4,8900,-6920,9450,-5880,4,9720,-5380,9820,-3360,4,9880,-1780,10020,-1270,4,10410,20,11600,20,4,13410,20,13550,-1990,5],null,[3,5,1,16777215,1,8,5420,-6330,7,5420,-6330,4,5410,-6620,5420,-7090,4,5400,-7680,5400,-7800,4,5400,-8280,4930,-9180,4,4420,-10180,3930,-10180,7,2880,-10180,7,1840,-9850,4,1530,-8870,1530,-7680,4,1530,-6410,1670,-5840,4,1920,-4960,2740,-4220,4,3310,-4200,3910,-4200,4,4480,-4220,5030,-4530,4,5380,-5350,5420,-6330,5],null,[3,5,1,16777215,1,8,5140,0,7,5140,0,4,12290,0,12290,-4710,4,12290,-7820,9630,-9090,4,7720,-10010,4180,-10010,4,2440,-10010,1860,-9890,4,530,-9560,530,-8450,4,530,-7370,2520,-6920,4,3500,-6700,6290,-6510,4,8360,-6370,8460,-6040,4,8690,-5410,8690,-4670,4,8690,-3690,8100,-3290,4,7500,-2890,6170,-2890,4,5490,-2890,4180,-3130,4,2870,-3380,2190,-3380,4,1700,-3380,1170,-3130,4,510,-2830,510,-2380,4,510,-1150,1700,-510,4,2640,0,3870,0,7,5140,0,5],[3,5,1,16777215,1,8,4740,40,7,4740,40,4,5870,40,7360,-1760,4,8570,-3240,9610,-5370,4,10580,-7340,10580,-8090,4,10580,-9590,8920,-10140,4,7890,-10470,5930,-10470,4,5800,-10470,5560,-10470,4,5250,-10470,5150,-10470,4,5170,-10650,5170,-10840,4,5170,-11080,5130,-11670,4,5090,-12250,5090,-12720,4,4410,-13130,3590,-13190,4,2140,-13310,2060,-13330,4,1500,-12270,1030,-10870,4,520,-9380,520,-8660,4,520,-7950,1300,-7580,4,1890,-7290,2710,-7290,4,4530,-7290,5480,-7230,4,6050,-7230,6600,-7230,4,7140,-7210,7090,-7070,4,6890,-6490,6170,-5700,4,5460,-4920,4780,-4160,4,4230,-3520,3690,-2870,4,2900,-1860,2900,-1560,4,2900,-920,3480,-440,4,4060,40,4740,40,5],[3,5,1,16777215,1,8,9270,-6300,7,9270,-6300,4,9290,-5890,9250,-5180,4,9190,-4370,9190,-4250,4,9190,-4040,9230,-3610,4,9270,-3270,9270,-3150,4,9150,-3130,9080,-3150,4,7310,-3030,6650,-3030,4,5530,-3030,4890,-3210,4,4890,-3520,4870,-4050,4,4850,-4570,4850,-4880,4,4850,-5160,4890,-5740,4,4930,-6310,4930,-6600,4,4930,-7070,5560,-7070,4,6060,-7070,7270,-7050,4,8490,-7030,8980,-7030,4,9190,-7030,9220,-6790,4,9250,-6550,9270,-6300,8,12610,-2950,7,12610,-2950,4,12630,-3320,12630,-6820,4,12630,-9380,12000,-9750,4,11200,-10200,8440,-10200,4,8440,-10200,5970,-10200,4,4960,-10200,3960,-10200,4,2820,-10140,2270,-9730,4,1550,-9210,1550,-8000,7,1550,-2450,4,1550,-1110,2290,-530,4,2960,0,4480,0,4,8940,0,9050,0,4,10930,-80,11710,-710,4,12490,-1330,12610,-2950,5],[3,5,1,16777215,1,8,8560,60,7,8560,60,4,10580,60,12240,-800,4,14330,-1890,14330,-3770,4,14330,-5650,13060,-7640,4,11480,-10140,8970,-10140,4,8660,-10140,8330,-10100,4,7740,-10020,5460,-8420,4,5120,-8890,4340,-9440,4,3680,-9870,3050,-10300,4,1490,-9480,1490,-8600,4,1490,-7950,2030,-7130,4,2540,-6480,3030,-5820,4,1700,-4480,1390,-4070,4,510,-2940,510,-2020,4,510,-390,2020,60,4,3170,-590,4220,-1880,4,5340,-3370,6470,-4860,4,8120,-6820,9350,-6820,4,10130,-6820,10600,-5550,4,10970,-4550,10970,-3610,4,10970,-3340,9270,-2790,4,7370,-2170,7020,-1870,4,6670,-1580,6670,-1230,4,6670,-740,7320,-340,4,7960,60,8560,60,5],null,[3,5,1,16777215,1,8,7950,-640,7,7950,-640,4,8430,-1720,8530,-2810,4,8650,-4120,8180,-6210,4,7630,-8680,6600,-9870,4,5870,-10180,5370,-10180,4,4800,-10180,4310,-9520,4,3860,-8950,3800,-8360,4,3720,-7480,4310,-6000,4,4920,-4420,4920,-3810,4,4920,-1060,580,-860,4,270,-840,-40,-350,4,-360,140,-360,680,4,-360,1530,510,1870,4,1380,2210,2490,2210,4,4230,2210,5840,1410,4,7440,610,7950,-640,5],[3,5,1,16777215,1,8,7100,-6740,7,7100,-6740,4,7660,-6740,8170,-6390,4,8680,-6040,8680,-5720,4,8680,-5390,8600,-4800,4,8500,-4100,8370,-3940,4,8110,-3610,7090,-3350,4,6080,-3080,5240,-3080,4,4610,-3080,4440,-3770,4,4360,-4060,4360,-5040,4,4360,-6190,4440,-6350,4,4610,-6640,5630,-6780,4,5920,-6820,6370,-6780,4,6980,-6740,7100,-6740,8,5920,140,7,5920,140,4,8480,140,10420,-1380,4,12470,-2970,12470,-5270,4,12470,-7480,10640,-8890,4,8800,-10300,6390,-10160,4,3270,-9960,2150,-9280,4,510,-8300,510,-5550,4,510,-3160,1640,-1680,4,3030,140,5920,140,5],null,null,null,null,null,[3,5,1,16777215,1,8,5420,-700,7,5420,-700,4,5420,-840,5490,-1720,4,5560,-2600,5560,-3190,4,5560,-5840,4150,-5840,4,2660,-5840,2330,-4750,4,2080,-3950,1980,-680,4,1940,270,1940,2380,4,1940,3010,2460,3430,4,2980,3850,3640,3850,4,4540,3850,4970,3090,4,5320,2460,5400,1230,4,5420,1040,5420,-700,8,7430,390,7,7430,390,4,8680,390,10250,-1210,4,11650,-2620,11910,-3600,4,12200,-4690,12200,-5690,4,12200,-7700,11090,-8890,4,9890,-10180,7570,-10180,4,7430,-10180,6850,-10200,4,6300,-10200,5930,-10200,4,1530,-10200,1530,-8520,4,1530,-7740,2160,-7330,4,2700,-6980,3520,-6980,4,4810,-6980,5360,-6940,4,6280,-6880,7160,-6640,4,8450,-6270,8450,-5710,4,8450,-4530,7840,-3620,4,7610,-3280,6710,-2420,4,6100,-1840,6100,-1390,4,6100,390,7430,390,5],[3,5,1,16777215,1,8,11860,-2480,7,11860,-2480,4,11900,-3050,11900,-5940,4,11900,-8700,10770,-9560,4,9830,-10280,6920,-10280,4,6430,-10280,5340,-10320,4,4180,-10340,3680,-10360,4,2090,-10360,1270,-9890,4,550,-9490,550,-8820,4,550,-8130,1260,-7570,4,1960,-7000,2930,-7000,4,3210,-7000,5170,-7000,4,7120,-7000,7410,-7000,4,7800,-7000,7960,-6920,4,8230,-6770,8230,-6180,4,8230,-5100,8180,-3540,4,8130,-1990,8130,-1880,4,8130,-1060,8780,-530,4,9420,0,10400,0,4,10900,0,11340,-700,4,11780,-1390,11860,-2480,5],[3,5,1,16777215,1,8,8330,0,7,8330,0,4,10280,0,11940,-1560,4,13310,-2870,14210,-4920,4,14990,-6700,14990,-7990,4,14990,-8660,14380,-9380,4,13680,-10200,12760,-10200,4,11630,-10200,11040,-6720,7,10980,-6310,4,10830,-5450,9910,-4450,4,8890,-3300,7920,-3300,4,6570,-3300,5450,-5250,4,4710,-6490,4180,-8300,4,4050,-8750,3930,-9220,4,3810,-9690,3500,-9910,4,3110,-10200,2350,-10200,4,1660,-10200,1080,-9670,4,510,-9130,510,-8540,4,510,-7840,1190,-6470,4,2600,-3580,3790,-2250,4,5770,0,8330,0,8,7450,-4630,7,7450,-4630,4,8290,-4630,9300,-6290,4,10160,-7740,10160,-8340,4,10160,-9090,9500,-9650,4,8850,-10200,7990,-10200,4,7530,-10200,7250,-10000,4,6960,-9790,6390,-8340,4,5810,-6880,5810,-6550,4,5810,-6150,6400,-5390,4,6980,-4630,7450,-4630,5],[3,5,1,16777215,1,8,13080,0,7,13080,0,4,13920,0,14600,-2030,4,15170,-3710,15170,-4900,4,15170,-8440,12020,-9650,4,10600,-10180,8040,-10180,4,7820,-10180,6940,-10080,4,5810,-9930,5440,-9910,4,4850,-9850,4340,-9280,4,3910,-8790,3830,-8360,4,3460,-6610,3540,-4550,4,3580,-3420,3600,-3910,4,3580,-3480,3340,-3480,4,3070,-3480,2620,-3530,4,2170,-3580,1960,-3580,4,1470,-3580,1040,-3350,4,550,-3110,550,-2250,4,550,-1390,1140,-760,4,1840,0,3110,0,4,5300,0,5920,-680,4,6410,-1190,6800,-3460,4,6900,-5390,6860,-6370,4,6880,-6560,8310,-6560,4,8290,-6560,8540,-6580,4,8790,-6580,9030,-6580,4,11570,-6580,11570,-5740,4,11570,-5510,11540,-3890,4,11500,-2280,11500,-2070,4,11500,-1580,12100,-790,4,12710,0,13080,0,5]],"advances":[4100,5820,null,null,null,null,null,null,null,null,null,null,null,null,5320,null,null,null,null,null,null,null,null,null,null,null,null,null,null,null,null,null,null,null,null,null,null,null,null,null,null,null,null,null,null,13760,14460,null,null,13440,6040,null,14100,null,5940,null,12800,11100,13140,14840,null,9060,12980,null,null,null,null,null,12700,12420,15500,15680]},{"type":6,"id":68,"records":[{"color":-1,"offset":[0,320],"fontID":29,"glyphs":[70,48,52,0,70,59,71,70,59],"fontHeight":460,"advances":[298,275,270,92,298,302,316,298,302]}],"matrix":[1,0,0,1,-606,0]},{"type":5,"id":11,"frames":[{"objects":[{"type":0,"depth":0,"symbol":10,"clipDepth":0,"id":0,"visible":true,"matrix":[1.24995422363281,0,0,1,0,0]}]}]},{"type":5,"id":67,"frames":[{"objects":[{"name":null,"type":0,"depth":2,"symbol":66,"clipDepth":0,"id":0,"matrix":[1,0,0,1,0,0]}]}]},{"path":"symbols/10.jpg","type":0,"id":10,"smooth":false,"alpha":"symbols/10a.png"},{"type":4,"id":66,"commands":[3,5,1,734012,1,8,0,601,7,0,299,4,0,0,299,0,7,2601,0,4,2900,0,2900,299,7,2900,601,4,2900,900,2601,900,7,299,900,4,0,900,0,601,5,6,3,16378805,1,false,2,1,2,3,8,0,601,4,0,900,299,900,7,2601,900,4,2900,900,2900,601,7,2900,299,4,2900,0,2601,0,7,299,0,4,0,0,0,299,7,0,601,3,5,2,0,[16777215,16777215],[0.501960784313725,0.101960784313725],[0,255],[0,0.0091552734375,-0.0095977783203125,0,1347,277],0,1,0,8,2694,414,4,2648,460,2583,460,7,297,460,4,232,460,186,414,4,140,368,140,303,7,140,277,4,140,212,186,166,4,232,120,297,120,7,2583,120,4,2648,120,2694,166,4,2740,212,2740,277,7,2740,303,4,2740,368,2694,414,5]},{"type":5,"id":9,"frames":[{"objects":[{"type":0,"depth":0,"symbol":8,"clipDepth":0,"id":0,"visible":true,"matrix":[0.999886322021484,0,0,0.999845886230469,0,0]}]}]},{"type":5,"className":"forgetPassWinMC","baseClassName":null,"id":65,"frames":[{"objects":[{"name":null,"type":0,"depth":1,"symbol":55,"clipDepth":0,"id":0,"matrix":[1,0,0,1,0,0]},{"name":null,"type":0,"depth":2,"symbol":56,"clipDepth":0,"id":1,"matrix":[1,0,0,1,4370,1831]},{"name":null,"type":0,"depth":3,"symbol":57,"clipDepth":0,"id":2,"matrix":[1,0,0,1,4856,925]},{"name":null,"type":0,"depth":4,"symbol":17,"clipDepth":0,"id":3,"filters":[[2,2,269.999891400219,0,1,3,3,1,2,true,false,false]],"matrix":[1,0,0,1,1128,1713]},{"name":"mailIT","type":0,"depth":6,"symbol":58,"clipDepth":0,"id":4,"matrix":[1,0,0,1.00189208984375,1222,1806]},{"name":"sendMailMC","type":0,"depth":7,"symbol":63,"clipDepth":0,"id":5,"matrix":[1,0,0,1.00115966796875,1001,3600]},{"name":"errorDT","type":0,"depth":12,"symbol":64,"clipDepth":0,"id":6,"matrix":[1,0,0,1,520,2673]},{"name":"backMC","type":0,"depth":13,"symbol":32,"clipDepth":0,"id":7,"matrix":[1,0,0,1.00115966796875,4201,3600]}]}]},{"path":"symbols/8.jpg","type":0,"id":8,"smooth":false,"alpha":"symbols/8a.png"},{"selectable":false,"html":true,"password":false,"color":-12173780,"fontName":"Choco Bold","rect":[-40,-40,6399,482],"text":"<p align=\"center\"></p>","type":2,"border":false,"leftMargin":0,"fontID":12,"id":64,"wordWrap":false,"leading":-40,"indent":0,"multiline":false,"align":"center","rightMargin":0,"fontHeight":360,"input":false},{"type":5,"className":"sendt_pass_btn_17","baseClassName":null,"id":63,"frames":[{"labels":["up"],"objects":[{"name":null,"type":0,"depth":1,"symbol":60,"clipDepth":0,"id":1,"matrix":[0.976959228515625,0,0,0.952362060546875,17,0]},{"name":null,"type":0,"depth":4,"symbol":62,"clipDepth":0,"id":2,"filters":[[3,16777164,1,7,7,1,2,false,false]],"matrix":[1,0,0,1,840,200]}]},{"labels":["rollover"],"objects":[{"name":null,"type":1,"depth":4,"symbol":62,"clipDepth":0,"id":2,"filters":[[3,16777164,1,38,16,1.796875,2,false,false]],"matrix":[0.999649047851563,0,0,1,840,200]}]}]},{"type":5,"className":"msgBox","baseClassName":null,"id":7,"frames":[{"objects":[{"name":null,"type":0,"depth":1,"symbol":1,"clipDepth":0,"id":0,"matrix":[1,0,0,1,0,0]},{"name":"dt","type":0,"depth":2,"symbol":3,"clipDepth":0,"id":1,"matrix":[1,0,0,1,140,96]},{"name":"exitButton","type":0,"depth":3,"symbol":6,"clipDepth":0,"id":2,"matrix":[1,0,0,1,1834,2633]}]}]},{"type":5,"id":62,"frames":[{"objects":[{"name":null,"type":0,"depth":1,"symbol":61,"clipDepth":0,"id":0,"matrix":[1,0,0,1,-171,40]}]}]},{"type":5,"id":6,"frames":[{"objects":[{"name":null,"type":0,"depth":1,"symbol":4,"clipDepth":0,"id":0,"matrix":[1,0,0,1,0,0]},{"name":null,"type":0,"depth":2,"symbol":5,"clipDepth":0,"id":1,"matrix":[1,0,0,1,326,86]}]}]},{"type":6,"id":61,"records":[{"color":-1,"offset":[0,340],"fontID":29,"glyphs":[52,57,70],"fontHeight":480,"advances":[282,224,311]}],"matrix":[1,0,0,1,211,0]},{"type":6,"id":5,"records":[{"color":-16777216,"offset":[120,220],"fontID":2,"glyphs":[131,127,136,149,136],"fontHeight":240,"advances":[147,140,66,123,66]}],"matrix":[1,0,0,1,0,0]},{"type":5,"id":60,"frames":[{"objects":[{"name":null,"type":0,"depth":2,"symbol":59,"clipDepth":0,"id":0,"matrix":[1,0,0,1,0,0]}]}]},{"type":4,"id":4,"commands":[3,5,1,16777113,1,8,1460,400,7,0,400,7,0,0,7,1460,0,7,1460,400,5,6,1,16724736,1,false,2,1,2,3,8,1460,400,7,0,400,7,0,0,7,1460,0,7,1460,400]},{"type":4,"id":59,"commands":[3,5,1,734012,1,8,0,601,7,0,299,4,0,0,299,0,7,2301,0,4,2600,0,2600,299,7,2600,601,4,2600,900,2301,900,7,299,900,4,0,900,0,601,5,6,3,16378805,1,false,2,1,2,3,8,0,601,4,0,900,299,900,7,2301,900,4,2600,900,2600,601,7,2600,299,4,2600,0,2301,0,7,299,0,4,0,0,0,299,7,0,601,3,5,2,0,[16777215,16777215],[0.501960784313725,0.101960784313725],[0,255],[0,0.0091552734375,-0.0095977783203125,0,1347,277],0,1,0,8,2460,303,4,2460,368,2414,414,4,2368,460,2303,460,7,297,460,4,232,460,186,414,4,140,368,140,303,7,140,277,4,140,212,186,166,4,232,120,297,120,7,2303,120,4,2368,120,2414,166,4,2460,212,2460,277,7,2460,303,5]},{"selectable":false,"html":false,"password":false,"color":-854843,"fontName":"Arial","rect":[-40,-40,4999,2504],"text":"\r","type":2,"border":false,"leftMargin":0,"fontID":2,"id":3,"wordWrap":true,"leading":40,"indent":0,"multiline":true,"align":"right","rightMargin":0,"fontHeight":240,"input":false},{"selectable":true,"html":true,"password":false,"color":-14783878,"fontName":"Arial","rect":[-40,-40,3843,527],"text":"<p align=\"left\"></p>","type":2,"border":false,"leftMargin":0,"fontID":2,"id":58,"wordWrap":false,"leading":-40,"indent":0,"multiline":false,"align":"left","rightMargin":0,"fontHeight":360,"input":true},{"bold":true,"ascent":18540,"name":"Arial","codes":[32,33,34,35,36,37,38,39,40,41,42,43,44,45,46,47,48,49,50,51,52,53,54,55,56,57,58,59,60,61,62,63,64,65,66,67,68,69,70,71,72,73,74,75,76,77,78,79,80,81,82,83,84,85,86,87,88,89,90,91,92,93,94,95,96,97,98,99,100,101,102,103,104,105,106,107,108,109,110,111,112,113,114,115,116,117,118,119,120,121,122,123,124,125,126,1456,1457,1458,1459,1460,1461,1462,1463,1464,1465,1466,1467,1468,1469,1470,1471,1472,1473,1474,1475,1476,1477,1478,1479,1480,1481,1482,1483,1484,1485,1486,1487,1488,1489,1490,1491,1492,1493,1494,1495,1496,1497,1498,1499,1500,1501,1502,1503,1504,1505,1506,1507,1508,1509,1510,1511,1512,1513,1514,1515,1516,1517,1518,1519,1520,1521,1522,1523,1524,1525,1526,1527,1528,1529,1530,1531,1532,1533,1534,1535,8192,8193,8194,8195,8196,8197,8198,8199,8200,8201,8202,8203,8204,8205,8206,8207,8208,8209,8210,8211,8212,8213,8214,8215,8216,8217,8218,8219,8220,8221,8222,8223,8224,8225,8226,8227,8228,8229,8230,8231,8232,8233,8234,8235,8236,8237,8238,8239,8240,8241,8242,8243,8244,8245,8246,8247,8248,8249,8250,8251,8252,8253,8254,8255,8256,8257,8258,8259,8260,8261,8262,8263,8264,8265,8266,8267,8268,8269,8270,8271,8272,8273,8274,8275,8276,8277,8278,8279,8280,8281,8282,8283,8284,8285,8286,8287,8288,8289,8290,8291,8292,8293,8294,8295,8296,8297,8298,8299,8300,8301,8302,8303,8352,8353,8354,8355,8356,8357,8358,8359,8360,8361,8362,8363,8364,8365,8366,8367,8368,8369,8370,8371,8372,8373,8374,8375,8376,8377,8378,8379,8380,8381,8382,8383,8384,8385,8386,8387,8388,8389,8390,8391,8392,8393,8394,8395,8396,8397,8398,8399,8448,8449,8450,8451,8452,8453,8454,8455,8456,8457,8458,8459,8460,8461,8462,8463,8464,8465,8466,8467,8468,8469,8470,8471,8472,8473,8474,8475,8476,8477,8478,8479,8480,8481,8482,8483,8484,8485,8486,8487,8488,8489,8490,8491,8492,8493,8494,8495,8496,8497,8498,8499,8500,8501,8502,8503,8504,8505,8506,8507,8508,8509,8510,8511,8512,8513,8514,8515,8516,8517,8518,8519,8520,8521,8522,8523,8524,8525,8526,8527,8528,8529,8530,8531,8532,8533,8534,8535,8536,8537,8538,8539,8540,8541,8542,8543,8544,8545,8546,8547,8548,8549,8550,8551,8552,8553,8554,8555,8556,8557,8558,8559,8560,8561,8562,8563,8564,8565,8566,8567,8568,8569,8570,8571,8572,8573,8574,8575,8576,8577,8578,8579,64285,64286,64287,64288,64289,64290,64291,64292,64293,64294,64295,64296,64297,64298,64299,64300,64301,64302,64303,64304,64305,64306,64307,64308,64309,64310,64311,64312,64313,64314,64315,64316,64317,64318,64319,64320,64321,64322,64323,64324,64325,64326,64327,64328,64329,64330,64331,64332,64333,64334,64335],"type":3,"id":2,"italic":false,"leading":2400,"descent":4340,"glyphs":[null,null,null,null,null,null,null,null,null,null,null,null,null,null,null,null,null,null,null,null,null,null,null,null,null,null,null,null,null,null,null,null,null,null,null,null,null,null,null,null,null,null,null,null,null,null,null,null,null,null,null,null,null,null,null,null,null,null,null,null,null,null,null,null,null,null,null,null,null,null,null,null,null,null,null,null,null,null,null,null,null,null,null,null,null,null,null,null,null,null,null,null,null,null,null,null,null,null,null,null,null,null,null,null,null,null,null,null,null,null,null,null,null,null,null,null,null,null,null,null,null,null,null,null,null,null,null,[3,5,1,16777215,1,8,8480,-4510,7,8480,-4510,4,9470,-5160,10040,-6110,4,10610,-7070,10820,-9320,7,10940,-10610,7,8340,-10610,7,8200,-8870,4,8030,-6840,7250,-6270,7,4180,-10610,7,890,-10610,7,3360,-7090,4,2470,-6540,1890,-5540,4,1310,-4540,1110,-2250,7,910,0,7,3630,0,7,3790,-2110,4,3970,-4550,4670,-5240,7,8380,0,7,11680,0,7,8480,-4510,5],null,null,null,[3,5,1,16777215,1,8,4230,-5510,7,1420,-5510,7,1420,0,7,4230,0,7,4230,-5510,8,11330,0,7,11330,-5410,4,11330,-7250,10770,-8290,4,10200,-9340,8880,-10030,4,7560,-10730,5150,-10730,4,2930,-10730,1300,-10440,7,1500,-8190,4,3210,-8440,4660,-8440,4,6600,-8440,7570,-7690,4,8530,-6950,8530,-5000,7,8530,0,7,11330,0,5],null,null,null,null,[3,5,1,16777215,1,8,4240,-10610,7,1350,-10610,7,1350,-4690,7,4240,-4690,7,4240,-10610,5],null,null,null,null,null,null,null,null,null,null,null,null,[3,5,1,16777215,1,8,9480,-10610,7,6760,-10610,7,6670,-8930,4,6590,-7360,6440,-6990,4,6280,-6630,5790,-6490,7,3130,-10610,7,100,-10610,7,5440,-2420,7,710,-2420,7,710,0,7,9130,0,7,9130,-1250,7,6960,-4650,4,7570,-4980,8010,-5370,4,8450,-5760,8740,-6210,4,9020,-6670,9150,-7130,4,9280,-7590,9310,-8040,7,9380,-8970,7,9480,-10610,5]],"advances":[null,null,null,null,null,null,null,null,null,null,null,null,null,null,null,null,null,null,null,null,null,null,null,null,null,null,null,null,null,null,null,null,null,null,null,null,null,null,null,null,null,null,null,null,null,null,null,null,null,null,null,null,null,null,null,null,null,null,null,null,null,null,null,null,null,null,null,null,null,null,null,null,null,null,null,null,null,null,null,null,null,null,null,null,null,null,null,null,null,null,null,null,null,null,null,null,null,null,null,null,null,null,null,null,null,null,null,null,null,null,null,null,null,null,null,null,null,null,null,null,null,null,null,null,null,null,null,11940,null,null,null,12580,null,null,null,null,5600,null,null,null,null,null,null,null,null,null,null,null,null,10480]},{"type":6,"id":57,"records":[{"color":-12173780,"offset":[0,280],"fontID":12,"glyphs":[68,52,70,59,57,0,71,59,70,69,61,0,50,71,54,45,0,57,54,54,59,49,0,71,45,0,62,61,56,49],"fontHeight":400,"advances":[248,275,303,290,217,80,306,290,303,242,177,80,118,306,116,269,80,217,116,116,290,262,80,306,269,80,254,177,250,262]}],"matrix":[1,0,0,1,-4383,0]},{"type":4,"id":1,"commands":[3,5,1,2248020,1,8,5200,3160,7,0,3160,7,0,0,7,5200,0,7,5200,3160,5,6,1,0,1,false,2,1,2,3,8,5200,3160,7,0,3160,7,0,0,7,5200,0,7,5200,3160]},{"type":6,"id":56,"records":[{"color":-12173780,"offset":[0,300],"fontID":12,"glyphs":[57,54,54,59],"fontHeight":440,"advances":[238,128,128,319]}],"matrix":[1,0,0,1,1183,0]}],"frameRate":12}