{"name":null,"assets":[{"path":"symbols/8.jpg","type":"IMAGE"},{"path":"symbols/8a.png","type":"IMAGE"},{"path":"symbols/10.jpg","type":"IMAGE"},{"path":"symbols/10a.png","type":"IMAGE"},{"path":"symbols/40.png","type":"IMAGE"},{"path":"symbols/42.png","type":"IMAGE"},{"path":"symbols/44.png","type":"IMAGE"},{"path":"symbols/46.png","type":"IMAGE"},{"path":"data.json","type":"TEXT"}],"rootPath":null,"version":3,"libraryArgs":["data.json","kpEpsRs04x0FUUF3irW9"],"libraryType":"swf.exporters.animate.AnimateLibrary"}