{"name":null,"assets":[{"path":"symbols/351.jpg","type":"IMAGE"},{"path":"symbols/351a.png","type":"IMAGE"},{"path":"symbols/358.jpg","type":"IMAGE"},{"path":"symbols/366.jpg","type":"IMAGE"},{"path":"symbols/366a.png","type":"IMAGE"},{"path":"symbols/408.jpg","type":"IMAGE"},{"path":"symbols/408a.png","type":"IMAGE"},{"path":"symbols/410.jpg","type":"IMAGE"},{"path":"symbols/410a.png","type":"IMAGE"},{"path":"symbols/412.jpg","type":"IMAGE"},{"path":"symbols/412a.png","type":"IMAGE"},{"path":"symbols/414.jpg","type":"IMAGE"},{"path":"symbols/414a.png","type":"IMAGE"},{"path":"symbols/416.jpg","type":"IMAGE"},{"path":"symbols/416a.png","type":"IMAGE"},{"path":"symbols/565.jpg","type":"IMAGE"},{"path":"symbols/565a.png","type":"IMAGE"},{"path":"symbols/567.jpg","type":"IMAGE"},{"path":"symbols/567a.png","type":"IMAGE"},{"path":"symbols/570.jpg","type":"IMAGE"},{"path":"symbols/570a.png","type":"IMAGE"},{"path":"symbols/573.jpg","type":"IMAGE"},{"path":"symbols/573a.png","type":"IMAGE"},{"path":"symbols/576.jpg","type":"IMAGE"},{"path":"symbols/576a.png","type":"IMAGE"},{"path":"symbols/541.png","type":"IMAGE"},{"path":"symbols/428.jpg","type":"IMAGE"},{"path":"symbols/428a.png","type":"IMAGE"},{"path":"symbols/536.jpg","type":"IMAGE"},{"path":"symbols/536a.png","type":"IMAGE"},{"path":"symbols/469.jpg","type":"IMAGE"},{"path":"symbols/469a.png","type":"IMAGE"},{"path":"symbols/471.jpg","type":"IMAGE"},{"path":"symbols/471a.png","type":"IMAGE"},{"path":"symbols/473.jpg","type":"IMAGE"},{"path":"symbols/473a.png","type":"IMAGE"},{"path":"symbols/475.jpg","type":"IMAGE"},{"path":"symbols/475a.png","type":"IMAGE"},{"path":"symbols/477.jpg","type":"IMAGE"},{"path":"symbols/477a.png","type":"IMAGE"},{"path":"symbols/461.jpg","type":"IMAGE"},{"path":"symbols/461a.png","type":"IMAGE"},{"path":"symbols/480.jpg","type":"IMAGE"},{"path":"symbols/480a.png","type":"IMAGE"},{"path":"symbols/486.jpg","type":"IMAGE"},{"path":"symbols/486a.png","type":"IMAGE"},{"path":"symbols/492.jpg","type":"IMAGE"},{"path":"symbols/492a.png","type":"IMAGE"},{"path":"symbols/495.jpg","type":"IMAGE"},{"path":"symbols/495a.png","type":"IMAGE"},{"path":"symbols/451.jpg","type":"IMAGE"},{"path":"symbols/451a.png","type":"IMAGE"},{"path":"symbols/504.jpg","type":"IMAGE"},{"path":"symbols/504a.png","type":"IMAGE"},{"path":"symbols/507.png","type":"IMAGE"},{"path":"symbols/362.jpg","type":"IMAGE"},{"path":"symbols/362a.png","type":"IMAGE"},{"path":"symbols/322.jpg","type":"IMAGE"},{"path":"symbols/322a.png","type":"IMAGE"},{"path":"data.json","type":"TEXT"}],"rootPath":null,"version":3,"libraryArgs":["data.json","40YIf0lE7lVtVgPBVcJt"],"libraryType":"swf.exporters.animate.AnimateLibrary"}