{"name":null,"assets":[{"path":"symbols/21.jpg","type":"IMAGE"},{"path":"symbols/21a.png","type":"IMAGE"},{"path":"symbols/35.jpg","type":"IMAGE"},{"path":"symbols/35a.png","type":"IMAGE"},{"path":"symbols/50.jpg","type":"IMAGE"},{"path":"symbols/50a.png","type":"IMAGE"},{"path":"symbols/53.jpg","type":"IMAGE"},{"path":"symbols/53a.png","type":"IMAGE"},{"path":"symbols/57.jpg","type":"IMAGE"},{"path":"symbols/57a.png","type":"IMAGE"},{"path":"symbols/60.jpg","type":"IMAGE"},{"path":"symbols/60a.png","type":"IMAGE"},{"path":"symbols/3.jpg","type":"IMAGE"},{"path":"symbols/3a.png","type":"IMAGE"},{"path":"symbols/5.jpg","type":"IMAGE"},{"path":"symbols/5a.png","type":"IMAGE"},{"path":"symbols/7.jpg","type":"IMAGE"},{"path":"symbols/7a.png","type":"IMAGE"},{"path":"symbols/9.jpg","type":"IMAGE"},{"path":"symbols/9a.png","type":"IMAGE"},{"path":"symbols/11.jpg","type":"IMAGE"},{"path":"symbols/11a.png","type":"IMAGE"},{"path":"data.json","type":"TEXT"}],"rootPath":null,"version":3,"libraryArgs":["data.json","nufk0mAnWHAelcPASJ9h"],"libraryType":"swf.exporters.animate.AnimateLibrary"}